estado,a√±o,mes,precio
Aguascalientes,2017,1,16.19
Baja California,2017,1,16.07
Baja California Sur,2017,1,16.11
Campeche,2017,1,15.67
Chiapas,2017,1,15.86
Chihuahua,2017,1,16.04
Ciudad de Mexico,2017,1,16.32
Coahuila de Zaragoza,2017,1,15.8
Colima,2017,1,16.06
Durango,2017,1,16.25
Guanajuato,2017,1,16.1
Guerrero,2017,1,16.03
Hidalgo,2017,1,15.85
Jalisco,2017,1,16.46
Michoacan de Ocampo,2017,1,16.22
Morelos,2017,1,15.91
Mexico,2017,1,16.16
Nacional,2017,1,16.0
Nayarit,2017,1,16.31
Nuevo Leon,2017,1,16.28
Oaxaca,2017,1,15.86
Puebla,2017,1,15.86
Queretaro,2017,1,16.04
Quintana Roo,2017,1,15.89
San Luis Potosi,2017,1,15.85
Sinaloa,2017,1,16.12
Sonora,2017,1,16.12
Tabasco,2017,1,15.57
Tamaulipas,2017,1,15.16
Tlaxcala,2017,1,15.79
Veracruz de Ignacio de la Llave,2017,1,15.52
Yucatan,2017,1,15.44
Zacatecas,2017,1,16.19
Aguascalientes,2017,1,16.18
Baja California,2017,1,16.04
Baja California Sur,2017,1,16.07
Campeche,2017,1,15.65
Chiapas,2017,1,15.85
Chihuahua,2017,1,14.26
Ciudad de Mexico,2017,1,16.29
Coahuila de Zaragoza,2017,1,15.85
Colima,2017,1,16.02
Durango,2017,1,16.21
Guanajuato,2017,1,16.06
Guerrero,2017,1,16.02
Hidalgo,2017,1,15.89
Jalisco,2017,1,16.44
Michoacan de Ocampo,2017,1,16.22
Morelos,2017,1,15.88
Mexico,2017,1,16.13
Nacional,2017,1,15.88
Nayarit,2017,1,16.29
Nuevo Leon,2017,1,16.26
Oaxaca,2017,1,15.86
Puebla,2017,1,15.86
Queretaro,2017,1,16.02
Quintana Roo,2017,1,15.87
San Luis Potosi,2017,1,15.82
Sinaloa,2017,1,16.09
Sonora,2017,1,16.14
Tabasco,2017,1,15.56
Tamaulipas,2017,1,15.19
Tlaxcala,2017,1,15.8
Veracruz de Ignacio de la Llave,2017,1,15.53
Yucatan,2017,1,15.41
Zacatecas,2017,1,16.21
Aguascalientes,2017,1,16.1
Baja California,2017,1,15.85
Baja California Sur,2017,1,16.0
Campeche,2017,1,15.56
Chiapas,2017,1,15.76
Chihuahua,2017,1,14.76
Ciudad de Mexico,2017,1,16.21
Coahuila de Zaragoza,2017,1,15.71
Colima,2017,1,15.95
Durango,2017,1,16.15
Guanajuato,2017,1,16.0
Guerrero,2017,1,15.98
Hidalgo,2017,1,15.78
Jalisco,2017,1,16.36
Michoacan de Ocampo,2017,1,16.14
Morelos,2017,1,15.81
Mexico,2017,1,16.05
Nacional,2017,1,15.78
Nayarit,2017,1,16.23
Nuevo Leon,2017,1,16.18
Oaxaca,2017,1,15.77
Puebla,2017,1,15.77
Queretaro,2017,1,15.95
Quintana Roo,2017,1,15.79
San Luis Potosi,2017,1,15.76
Sinaloa,2017,1,16.02
Sonora,2017,1,15.77
Tabasco,2017,1,15.49
Tamaulipas,2017,1,14.15
Tlaxcala,2017,1,15.7
Veracruz de Ignacio de la Llave,2017,1,15.44
Yucatan,2017,1,15.34
Zacatecas,2017,1,16.12
Aguascalientes,2017,1,16.12
Baja California,2017,1,15.87
Baja California Sur,2017,1,16.02
Campeche,2017,1,15.59
Chiapas,2017,1,15.78
Chihuahua,2017,1,14.74
Ciudad de Mexico,2017,1,16.2
Coahuila de Zaragoza,2017,1,15.62
Colima,2017,1,15.99
Durango,2017,1,16.17
Guanajuato,2017,1,16.03
Guerrero,2017,1,15.99
Hidalgo,2017,1,15.81
Jalisco,2017,1,16.36
Michoacan de Ocampo,2017,1,16.16
Morelos,2017,1,15.84
Mexico,2017,1,16.06
Nacional,2017,1,15.78
Nayarit,2017,1,16.25
Nuevo Leon,2017,1,16.18
Oaxaca,2017,1,15.79
Puebla,2017,1,15.79
Queretaro,2017,1,15.98
Quintana Roo,2017,1,15.81
San Luis Potosi,2017,1,15.78
Sinaloa,2017,1,16.04
Sonora,2017,1,15.67
Tabasco,2017,1,15.52
Tamaulipas,2017,1,13.87
Tlaxcala,2017,1,15.72
Veracruz de Ignacio de la Llave,2017,1,15.47
Yucatan,2017,1,15.36
Zacatecas,2017,1,16.14
Aguascalientes,2017,1,16.03
Baja California,2017,1,15.83
Baja California Sur,2017,1,15.93
Campeche,2017,1,15.49
Chiapas,2017,1,15.69
Chihuahua,2017,1,14.66
Ciudad de Mexico,2017,1,16.08
Coahuila de Zaragoza,2017,1,15.47
Colima,2017,1,15.89
Durango,2017,1,16.07
Guanajuato,2017,1,15.93
Guerrero,2017,1,15.9
Hidalgo,2017,1,15.72
Jalisco,2017,1,16.24
Michoacan de Ocampo,2017,1,16.07
Morelos,2017,1,15.75
Mexico,2017,1,15.94
Nacional,2017,1,15.68
Nayarit,2017,1,16.16
Nuevo Leon,2017,1,16.06
Oaxaca,2017,1,15.7
Puebla,2017,1,15.69
Queretaro,2017,1,15.89
Quintana Roo,2017,1,15.72
San Luis Potosi,2017,1,15.69
Sinaloa,2017,1,15.95
Sonora,2017,1,15.57
Tabasco,2017,1,15.42
Tamaulipas,2017,1,13.72
Tlaxcala,2017,1,15.62
Veracruz de Ignacio de la Llave,2017,1,15.38
Yucatan,2017,1,15.26
Zacatecas,2017,1,16.05
Aguascalientes,2017,1,15.93
Baja California,2017,1,15.81
Baja California Sur,2017,1,15.83
Campeche,2017,1,15.39
Chiapas,2017,1,15.59
Chihuahua,2017,1,14.62
Ciudad de Mexico,2017,1,15.95
Coahuila de Zaragoza,2017,1,15.41
Colima,2017,1,15.79
Durango,2017,1,15.98
Guanajuato,2017,1,15.83
Guerrero,2017,1,15.79
Hidalgo,2017,1,15.61
Jalisco,2017,1,16.12
Michoacan de Ocampo,2017,1,15.97
Morelos,2017,1,15.65
Mexico,2017,1,15.83
Nacional,2017,1,15.57
Nayarit,2017,1,16.07
Nuevo Leon,2017,1,15.93
Oaxaca,2017,1,15.6
Puebla,2017,1,15.58
Queretaro,2017,1,15.78
Quintana Roo,2017,1,15.62
San Luis Potosi,2017,1,15.59
Sinaloa,2017,1,15.85
Sonora,2017,1,15.45
Tabasco,2017,1,15.33
Tamaulipas,2017,1,13.51
Tlaxcala,2017,1,15.52
Veracruz de Ignacio de la Llave,2017,1,15.27
Yucatan,2017,1,15.17
Zacatecas,2017,1,15.96
Aguascalientes,2017,1,15.86
Baja California,2017,1,15.71
Baja California Sur,2017,1,15.75
Campeche,2017,1,15.32
Chiapas,2017,1,15.51
Chihuahua,2017,1,14.49
Ciudad de Mexico,2017,1,15.86
Coahuila de Zaragoza,2017,1,15.36
Colima,2017,1,15.71
Durango,2017,1,15.89
Guanajuato,2017,1,15.75
Guerrero,2017,1,15.71
Hidalgo,2017,1,15.52
Jalisco,2017,1,16.03
Michoacan de Ocampo,2017,1,15.89
Morelos,2017,1,15.56
Mexico,2017,1,15.74
Nacional,2017,1,15.48
Nayarit,2017,1,15.99
Nuevo Leon,2017,1,15.88
Oaxaca,2017,1,15.51
Puebla,2017,1,15.5
Queretaro,2017,1,15.7
Quintana Roo,2017,1,15.55
San Luis Potosi,2017,1,15.5
Sinaloa,2017,1,15.77
Sonora,2017,1,15.33
Tabasco,2017,1,15.25
Tamaulipas,2017,1,13.33
Tlaxcala,2017,1,15.45
Veracruz de Ignacio de la Llave,2017,1,15.19
Yucatan,2017,1,15.09
Zacatecas,2017,1,15.87
Aguascalientes,2017,1,15.92
Baja California,2017,1,15.8
Baja California Sur,2017,1,15.82
Campeche,2017,1,15.38
Chiapas,2017,1,15.58
Chihuahua,2017,1,14.49
Ciudad de Mexico,2017,1,15.92
Coahuila de Zaragoza,2017,1,15.45
Colima,2017,1,15.78
Durango,2017,1,15.97
Guanajuato,2017,1,15.82
Guerrero,2017,1,15.78
Hidalgo,2017,1,15.59
Jalisco,2017,1,16.09
Michoacan de Ocampo,2017,1,15.97
Morelos,2017,1,15.63
Mexico,2017,1,15.8
Nacional,2017,1,15.56
Nayarit,2017,1,16.06
Nuevo Leon,2017,1,16.0
Oaxaca,2017,1,15.59
Puebla,2017,1,15.57
Queretaro,2017,1,15.76
Quintana Roo,2017,1,15.62
San Luis Potosi,2017,1,15.58
Sinaloa,2017,1,15.84
Sonora,2017,1,15.4
Tabasco,2017,1,15.32
Tamaulipas,2017,1,13.36
Tlaxcala,2017,1,15.52
Veracruz de Ignacio de la Llave,2017,1,15.26
Yucatan,2017,1,15.16
Zacatecas,2017,1,15.94
Aguascalientes,2017,1,16.15
Baja California,2017,1,15.98
Baja California Sur,2017,1,16.04
Campeche,2017,1,15.6
Chiapas,2017,1,15.81
Chihuahua,2017,1,14.83
Ciudad de Mexico,2017,1,16.14
Coahuila de Zaragoza,2017,1,15.67
Colima,2017,1,16.01
Durango,2017,1,16.2
Guanajuato,2017,1,16.05
Guerrero,2017,1,16.01
Hidalgo,2017,1,15.82
Jalisco,2017,1,16.32
Michoacan de Ocampo,2017,1,16.19
Morelos,2017,1,15.85
Mexico,2017,1,16.03
Nacional,2017,1,15.79
Nayarit,2017,1,16.28
Nuevo Leon,2017,1,16.25
Oaxaca,2017,1,15.81
Puebla,2017,1,15.79
Queretaro,2017,1,15.99
Quintana Roo,2017,1,15.84
San Luis Potosi,2017,1,15.8
Sinaloa,2017,1,16.07
Sonora,2017,1,15.63
Tabasco,2017,1,15.55
Tamaulipas,2017,1,13.56
Tlaxcala,2017,1,15.74
Veracruz de Ignacio de la Llave,2017,1,15.49
Yucatan,2017,1,15.38
Zacatecas,2017,1,16.16
Aguascalientes,2017,1,16.28
Baja California,2017,1,16.12
Baja California Sur,2017,1,16.17
Campeche,2017,1,15.72
Chiapas,2017,1,15.93
Chihuahua,2017,1,14.98
Ciudad de Mexico,2017,1,16.26
Coahuila de Zaragoza,2017,1,15.84
Colima,2017,1,16.13
Durango,2017,1,16.34
Guanajuato,2017,1,16.17
Guerrero,2017,1,16.14
Hidalgo,2017,1,15.94
Jalisco,2017,1,16.44
Michoacan de Ocampo,2017,1,16.32
Morelos,2017,1,15.98
Mexico,2017,1,16.15
Nacional,2017,1,15.92
Nayarit,2017,1,16.4
Nuevo Leon,2017,1,16.42
Oaxaca,2017,1,15.93
Puebla,2017,1,15.91
Queretaro,2017,1,16.11
Quintana Roo,2017,1,15.97
San Luis Potosi,2017,1,15.93
Sinaloa,2017,1,16.2
Sonora,2017,1,15.79
Tabasco,2017,1,15.67
Tamaulipas,2017,1,13.68
Tlaxcala,2017,1,15.87
Veracruz de Ignacio de la Llave,2017,1,15.61
Yucatan,2017,1,15.5
Zacatecas,2017,1,16.29
Aguascalientes,2017,1,16.36
Baja California,2017,1,16.27
Baja California Sur,2017,1,16.34
Campeche,2017,1,15.81
Chiapas,2017,1,16.01
Chihuahua,2017,1,15.11
Ciudad de Mexico,2017,1,16.35
Coahuila de Zaragoza,2017,1,15.97
Colima,2017,1,16.21
Durango,2017,1,16.48
Guanajuato,2017,1,16.26
Guerrero,2017,1,16.22
Hidalgo,2017,1,16.03
Jalisco,2017,1,16.52
Michoacan de Ocampo,2017,1,16.4
Morelos,2017,1,16.07
Mexico,2017,1,16.23
Nacional,2017,1,16.02
Nayarit,2017,1,16.49
Nuevo Leon,2017,1,16.56
Oaxaca,2017,1,16.01
Puebla,2017,1,15.99
Queretaro,2017,1,16.2
Quintana Roo,2017,1,16.04
San Luis Potosi,2017,1,16.01
Sinaloa,2017,1,16.34
Sonora,2017,1,15.92
Tabasco,2017,1,15.75
Tamaulipas,2017,1,13.76
Tlaxcala,2017,1,15.95
Veracruz de Ignacio de la Llave,2017,1,15.69
Yucatan,2017,1,15.59
Zacatecas,2017,1,16.37
Aguascalientes,2017,1,16.48
Baja California,2017,1,16.38
Baja California Sur,2017,1,16.55
Campeche,2017,1,15.99
Chiapas,2017,1,16.16
Chihuahua,2017,1,15.29
Ciudad de Mexico,2017,1,16.45
Coahuila de Zaragoza,2017,1,16.16
Colima,2017,1,16.34
Durango,2017,1,16.66
Guanajuato,2017,1,16.39
Guerrero,2017,1,16.35
Hidalgo,2017,1,16.1
Jalisco,2017,1,16.67
Michoacan de Ocampo,2017,1,16.56
Morelos,2017,1,16.18
Mexico,2017,1,16.35
Nacional,2017,1,16.16
Nayarit,2017,1,16.71
Nuevo Leon,2017,1,16.72
Oaxaca,2017,1,16.18
Puebla,2017,1,16.11
Queretaro,2017,1,16.31
Quintana Roo,2017,1,16.2
San Luis Potosi,2017,1,16.2
Sinaloa,2017,1,16.53
Sonora,2017,1,16.05
Tabasco,2017,1,15.86
Tamaulipas,2017,1,13.9
Tlaxcala,2017,1,16.03
Veracruz de Ignacio de la Llave,2017,1,15.82
Yucatan,2017,1,15.73
Zacatecas,2017,1,16.57
Aguascalientes,2018,1,17.17
Baja California,2018,1,16.8
Baja California Sur,2018,1,16.97
Campeche,2018,1,16.67
Chiapas,2018,1,16.68
Chihuahua,2018,1,15.8
Ciudad de Mexico,2018,1,17.07
Coahuila de Zaragoza,2018,1,16.69
Colima,2018,1,16.83
Durango,2018,1,17.24
Guanajuato,2018,1,17.03
Guerrero,2018,1,16.92
Hidalgo,2018,1,16.62
Jalisco,2018,1,17.29
Michoacan de Ocampo,2018,1,17.19
Morelos,2018,1,16.78
Mexico,2018,1,16.91
Nacional,2018,1,16.71
Nayarit,2018,1,17.3
Nuevo Leon,2018,1,17.16
Oaxaca,2018,1,16.78
Puebla,2018,1,16.66
Queretaro,2018,1,16.88
Quintana Roo,2018,1,16.75
San Luis Potosi,2018,1,16.85
Sinaloa,2018,1,17.09
Sonora,2018,1,16.43
Tabasco,2018,1,16.42
Tamaulipas,2018,1,14.4
Tlaxcala,2018,1,16.6
Veracruz de Ignacio de la Llave,2018,1,16.36
Yucatan,2018,1,16.33
Zacatecas,2018,1,17.28
Aguascalientes,2018,1,18.0
Baja California,2018,1,17.31
Baja California Sur,2018,1,17.37
Campeche,2018,1,17.26
Chiapas,2018,1,17.17
Chihuahua,2018,1,16.39
Ciudad de Mexico,2018,1,17.85
Coahuila de Zaragoza,2018,1,17.38
Colima,2018,1,17.36
Durango,2018,1,17.85
Guanajuato,2018,1,17.73
Guerrero,2018,1,17.53
Hidalgo,2018,1,17.22
Jalisco,2018,1,18.09
Michoacan de Ocampo,2018,1,17.9
Morelos,2018,1,17.43
Mexico,2018,1,17.62
Nacional,2018,1,17.35
Nayarit,2018,1,17.95
Nuevo Leon,2018,1,17.72
Oaxaca,2018,1,17.38
Puebla,2018,1,17.35
Queretaro,2018,1,17.53
Quintana Roo,2018,1,17.25
San Luis Potosi,2018,1,17.57
Sinaloa,2018,1,17.64
Sonora,2018,1,16.98
Tabasco,2018,1,17.03
Tamaulipas,2018,1,15.07
Tlaxcala,2018,1,17.29
Veracruz de Ignacio de la Llave,2018,1,16.97
Yucatan,2018,1,16.88
Zacatecas,2018,1,18.11
Aguascalientes,2018,1,18.26
Baja California,2018,1,17.53
Baja California Sur,2018,1,17.58
Campeche,2018,1,17.43
Chiapas,2018,1,17.36
Chihuahua,2018,1,16.52
Ciudad de Mexico,2018,1,18.11
Coahuila de Zaragoza,2018,1,17.61
Colima,2018,1,17.57
Durango,2018,1,18.02
Guanajuato,2018,1,17.98
Guerrero,2018,1,17.76
Hidalgo,2018,1,17.44
Jalisco,2018,1,18.33
Michoacan de Ocampo,2018,1,18.11
Morelos,2018,1,17.66
Mexico,2018,1,17.86
Nacional,2018,1,17.58
Nayarit,2018,1,18.19
Nuevo Leon,2018,1,17.93
Oaxaca,2018,1,17.64
Puebla,2018,1,17.58
Queretaro,2018,1,17.8
Quintana Roo,2018,1,17.42
San Luis Potosi,2018,1,17.79
Sinaloa,2018,1,17.89
Sonora,2018,1,17.22
Tabasco,2018,1,17.29
Tamaulipas,2018,1,15.27
Tlaxcala,2018,1,17.51
Veracruz de Ignacio de la Llave,2018,1,17.2
Yucatan,2018,1,17.14
Zacatecas,2018,1,18.36
Aguascalientes,2018,1,18.34
Baja California,2018,1,17.67
Baja California Sur,2018,1,17.67
Campeche,2018,1,17.53
Chiapas,2018,1,17.48
Chihuahua,2018,1,16.48
Ciudad de Mexico,2018,1,18.21
Coahuila de Zaragoza,2018,1,17.68
Colima,2018,1,17.66
Durango,2018,1,18.11
Guanajuato,2018,1,18.07
Guerrero,2018,1,17.86
Hidalgo,2018,1,17.51
Jalisco,2018,1,18.42
Michoacan de Ocampo,2018,1,18.2
Morelos,2018,1,17.75
Mexico,2018,1,17.96
Nacional,2018,1,17.68
Nayarit,2018,1,18.3
Nuevo Leon,2018,1,18.0
Oaxaca,2018,1,17.75
Puebla,2018,1,17.67
Queretaro,2018,1,17.91
Quintana Roo,2018,1,17.47
San Luis Potosi,2018,1,17.86
Sinaloa,2018,1,18.05
Sonora,2018,1,17.37
Tabasco,2018,1,17.42
Tamaulipas,2018,1,15.4
Tlaxcala,2018,1,17.59
Veracruz de Ignacio de la Llave,2018,1,17.31
Yucatan,2018,1,17.25
Zacatecas,2018,1,18.47
Aguascalientes,2018,1,18.46
Baja California,2018,1,17.81
Baja California Sur,2018,1,17.85
Campeche,2018,1,17.7
Chiapas,2018,1,17.65
Chihuahua,2018,1,16.89
Ciudad de Mexico,2018,1,18.49
Coahuila de Zaragoza,2018,1,17.74
Colima,2018,1,17.81
Durango,2018,1,18.28
Guanajuato,2018,1,18.21
Guerrero,2018,1,18.04
Hidalgo,2018,1,17.68
Jalisco,2018,1,18.65
Michoacan de Ocampo,2018,1,18.36
Morelos,2018,1,17.92
Mexico,2018,1,18.18
Nacional,2018,1,17.89
Nayarit,2018,1,18.47
Nuevo Leon,2018,1,18.23
Oaxaca,2018,1,17.91
Puebla,2018,1,17.82
Queretaro,2018,1,18.09
Quintana Roo,2018,1,17.63
San Luis Potosi,2018,1,18.03
Sinaloa,2018,1,18.26
Sonora,2018,1,17.64
Tabasco,2018,1,17.53
Tamaulipas,2018,1,15.74
Tlaxcala,2018,1,17.74
Veracruz de Ignacio de la Llave,2018,1,17.47
Yucatan,2018,1,17.39
Zacatecas,2018,1,18.59
Aguascalientes,2018,1,18.65
Baja California,2018,1,18.08
Baja California Sur,2018,1,18.11
Campeche,2018,1,17.98
Chiapas,2018,1,17.88
Chihuahua,2018,1,16.75
Ciudad de Mexico,2018,1,18.79
Coahuila de Zaragoza,2018,1,18.08
Colima,2018,1,18.03
Durango,2018,1,18.49
Guanajuato,2018,1,18.42
Guerrero,2018,1,18.3
Hidalgo,2018,1,17.9
Jalisco,2018,1,18.94
Michoacan de Ocampo,2018,1,18.6
Morelos,2018,1,18.16
Mexico,2018,1,18.45
Nacional,2018,1,18.1
Nayarit,2018,1,18.69
Nuevo Leon,2018,1,18.56
Oaxaca,2018,1,18.15
Puebla,2018,1,18.03
Queretaro,2018,1,18.35
Quintana Roo,2018,1,17.87
San Luis Potosi,2018,1,18.25
Sinaloa,2018,1,18.51
Sonora,2018,1,17.8
Tabasco,2018,1,17.8
Tamaulipas,2018,1,15.76
Tlaxcala,2018,1,17.97
Veracruz de Ignacio de la Llave,2018,1,17.68
Yucatan,2018,1,17.64
Zacatecas,2018,1,18.79
Aguascalientes,2018,1,19.02
Baja California,2018,1,18.49
Baja California Sur,2018,1,18.47
Campeche,2018,1,18.39
Chiapas,2018,1,18.3
Chihuahua,2018,1,17.14
Ciudad de Mexico,2018,1,19.01
Coahuila de Zaragoza,2018,1,18.43
Colima,2018,1,18.39
Durango,2018,1,18.81
Guanajuato,2018,1,18.83
Guerrero,2018,1,18.73
Hidalgo,2018,1,18.3
Jalisco,2018,1,19.22
Michoacan de Ocampo,2018,1,19.03
Morelos,2018,1,18.56
Mexico,2018,1,18.75
Nacional,2018,1,18.45
Nayarit,2018,1,19.11
Nuevo Leon,2018,1,18.87
Oaxaca,2018,1,18.54
Puebla,2018,1,18.42
Queretaro,2018,1,18.72
Quintana Roo,2018,1,18.27
San Luis Potosi,2018,1,18.56
Sinaloa,2018,1,18.91
Sonora,2018,1,18.19
Tabasco,2018,1,18.15
Tamaulipas,2018,1,16.04
Tlaxcala,2018,1,18.38
Veracruz de Ignacio de la Llave,2018,1,18.02
Yucatan,2018,1,18.08
Zacatecas,2018,1,19.16
Aguascalientes,2018,1,19.55
Baja California,2018,1,19.03
Baja California Sur,2018,1,19.05
Campeche,2018,1,19.0
Chiapas,2018,1,18.87
Chihuahua,2018,1,17.68
Ciudad de Mexico,2018,1,19.34
Coahuila de Zaragoza,2018,1,18.96
Colima,2018,1,18.92
Durango,2018,1,19.29
Guanajuato,2018,1,19.43
Guerrero,2018,1,19.25
Hidalgo,2018,1,18.85
Jalisco,2018,1,19.63
Michoacan de Ocampo,2018,1,19.56
Morelos,2018,1,19.12
Mexico,2018,1,19.15
Nacional,2018,1,18.97
Nayarit,2018,1,19.65
Nuevo Leon,2018,1,19.39
Oaxaca,2018,1,19.09
Puebla,2018,1,18.96
Queretaro,2018,1,19.25
Quintana Roo,2018,1,18.99
San Luis Potosi,2018,1,19.04
Sinaloa,2018,1,19.47
Sonora,2018,1,18.71
Tabasco,2018,1,18.62
Tamaulipas,2018,1,16.56
Tlaxcala,2018,1,18.93
Veracruz de Ignacio de la Llave,2018,1,18.55
Yucatan,2018,1,18.78
Zacatecas,2018,1,19.69
Aguascalientes,2018,1,19.8
Baja California,2018,1,19.36
Baja California Sur,2018,1,19.34
Campeche,2018,1,19.24
Chiapas,2018,1,19.09
Chihuahua,2018,1,17.96
Ciudad de Mexico,2018,1,19.6
Coahuila de Zaragoza,2018,1,19.26
Colima,2018,1,19.18
Durango,2018,1,19.58
Guanajuato,2018,1,19.7
Guerrero,2018,1,19.47
Hidalgo,2018,1,19.06
Jalisco,2018,1,19.89
Michoacan de Ocampo,2018,1,19.76
Morelos,2018,1,19.34
Mexico,2018,1,19.38
Nacional,2018,1,19.23
Nayarit,2018,1,19.89
Nuevo Leon,2018,1,19.66
Oaxaca,2018,1,19.32
Puebla,2018,1,19.21
Queretaro,2018,1,19.51
Quintana Roo,2018,1,19.33
San Luis Potosi,2018,1,19.3
Sinaloa,2018,1,19.72
Sonora,2018,1,18.95
Tabasco,2018,1,18.81
Tamaulipas,2018,1,16.88
Tlaxcala,2018,1,19.13
Veracruz de Ignacio de la Llave,2018,1,18.79
Yucatan,2018,1,19.05
Zacatecas,2018,1,19.94
Aguascalientes,2018,1,20.0
Baja California,2018,1,19.57
Baja California Sur,2018,1,19.56
Campeche,2018,1,19.44
Chiapas,2018,1,19.22
Chihuahua,2018,1,18.15
Ciudad de Mexico,2018,1,19.86
Coahuila de Zaragoza,2018,1,19.48
Colima,2018,1,19.35
Durango,2018,1,19.78
Guanajuato,2018,1,19.93
Guerrero,2018,1,19.66
Hidalgo,2018,1,19.23
Jalisco,2018,1,20.14
Michoacan de Ocampo,2018,1,19.96
Morelos,2018,1,19.53
Mexico,2018,1,19.6
Nacional,2018,1,19.43
Nayarit,2018,1,20.09
Nuevo Leon,2018,1,19.85
Oaxaca,2018,1,19.52
Puebla,2018,1,19.41
Queretaro,2018,1,19.69
Quintana Roo,2018,1,19.5
San Luis Potosi,2018,1,19.52
Sinaloa,2018,1,19.91
Sonora,2018,1,19.13
Tabasco,2018,1,18.97
Tamaulipas,2018,1,17.07
Tlaxcala,2018,1,19.32
Veracruz de Ignacio de la Llave,2018,1,18.98
Yucatan,2018,1,19.2
Zacatecas,2018,1,20.12
Aguascalientes,2018,1,20.0
Baja California,2018,1,19.61
Baja California Sur,2018,1,19.63
Campeche,2018,1,19.46
Chiapas,2018,1,19.2
Chihuahua,2018,1,17.95
Ciudad de Mexico,2018,1,19.9
Coahuila de Zaragoza,2018,1,19.44
Colima,2018,1,19.38
Durango,2018,1,19.73
Guanajuato,2018,1,19.96
Guerrero,2018,1,19.56
Hidalgo,2018,1,19.16
Jalisco,2018,1,20.19
Michoacan de Ocampo,2018,1,19.91
Morelos,2018,1,19.51
Mexico,2018,1,19.59
Nacional,2018,1,19.41
Nayarit,2018,1,20.13
Nuevo Leon,2018,1,19.78
Oaxaca,2018,1,19.51
Puebla,2018,1,19.41
Queretaro,2018,1,19.7
Quintana Roo,2018,1,19.45
San Luis Potosi,2018,1,19.47
Sinaloa,2018,1,19.93
Sonora,2018,1,19.13
Tabasco,2018,1,18.91
Tamaulipas,2018,1,16.92
Tlaxcala,2018,1,19.31
Veracruz de Ignacio de la Llave,2018,1,18.95
Yucatan,2018,1,19.21
Zacatecas,2018,1,20.1
Aguascalientes,2018,1,19.81
Baja California,2018,1,19.4
Baja California Sur,2018,1,19.53
Campeche,2018,1,19.39
Chiapas,2018,1,18.92
Chihuahua,2018,1,17.54
Ciudad de Mexico,2018,1,19.75
Coahuila de Zaragoza,2018,1,19.17
Colima,2018,1,19.16
Durango,2018,1,19.44
Guanajuato,2018,1,19.68
Guerrero,2018,1,19.23
Hidalgo,2018,1,18.82
Jalisco,2018,1,19.95
Michoacan de Ocampo,2018,1,19.61
Morelos,2018,1,19.29
Mexico,2018,1,19.39
Nacional,2018,1,19.1
Nayarit,2018,1,19.98
Nuevo Leon,2018,1,19.34
Oaxaca,2018,1,19.26
Puebla,2018,1,19.16
Queretaro,2018,1,19.53
Quintana Roo,2018,1,19.13
San Luis Potosi,2018,1,19.17
Sinaloa,2018,1,19.81
Sonora,2018,1,18.93
Tabasco,2018,1,18.63
Tamaulipas,2018,1,16.48
Tlaxcala,2018,1,18.92
Veracruz de Ignacio de la Llave,2018,1,18.63
Yucatan,2018,1,18.81
Zacatecas,2018,1,19.82
Aguascalientes,2019,1,19.64
Baja California,2019,1,18.04
Baja California Sur,2019,1,19.27
Campeche,2019,1,19.18
Chiapas,2019,1,18.52
Chihuahua,2019,1,16.83
Ciudad de Mexico,2019,1,19.63
Coahuila de Zaragoza,2019,1,18.9
Colima,2019,1,18.98
Durango,2019,1,19.25
Guanajuato,2019,1,19.72
Guerrero,2019,1,19.05
Hidalgo,2019,1,18.67
Jalisco,2019,1,19.9
Michoacan de Ocampo,2019,1,19.54
Morelos,2019,1,19.08
Mexico,2019,1,19.39
Nacional,2019,1,18.82
Nayarit,2019,1,19.94
Nuevo Leon,2019,1,19.07
Oaxaca,2019,1,19.06
Puebla,2019,1,18.85
Queretaro,2019,1,19.61
Quintana Roo,2019,1,18.83
San Luis Potosi,2019,1,18.92
Sinaloa,2019,1,19.54
Sonora,2019,1,18.29
Tabasco,2019,1,18.15
Tamaulipas,2019,1,15.96
Tlaxcala,2019,1,18.55
Veracruz de Ignacio de la Llave,2019,1,18.31
Yucatan,2019,1,18.52
Zacatecas,2019,1,19.63
Aguascalientes,2019,1,20.08
Baja California,2019,1,18.17
Baja California Sur,2019,1,19.59
Campeche,2019,1,19.44
Chiapas,2019,1,18.92
Chihuahua,2019,1,17.31
Ciudad de Mexico,2019,1,19.96
Coahuila de Zaragoza,2019,1,19.19
Colima,2019,1,19.53
Durango,2019,1,19.6
Guanajuato,2019,1,20.18
Guerrero,2019,1,19.62
Hidalgo,2019,1,19.17
Jalisco,2019,1,20.31
Michoacan de Ocampo,2019,1,20.32
Morelos,2019,1,19.44
Mexico,2019,1,19.76
Nacional,2019,1,19.25
Nayarit,2019,1,20.33
Nuevo Leon,2019,1,19.48
Oaxaca,2019,1,19.55
Puebla,2019,1,19.07
Queretaro,2019,1,19.89
Quintana Roo,2019,1,19.56
San Luis Potosi,2019,1,19.36
Sinaloa,2019,1,19.84
Sonora,2019,1,18.84
Tabasco,2019,1,18.2
Tamaulipas,2019,1,16.58
Tlaxcala,2019,1,19.01
Veracruz de Ignacio de la Llave,2019,1,18.65
Yucatan,2019,1,19.32
Zacatecas,2019,1,19.91
Aguascalientes,2019,1,20.34
Baja California,2019,1,18.56
Baja California Sur,2019,1,20.38
Campeche,2019,1,19.91
Chiapas,2019,1,19.62
Chihuahua,2019,1,17.84
Ciudad de Mexico,2019,1,20.52
Coahuila de Zaragoza,2019,1,19.68
Colima,2019,1,19.97
Durango,2019,1,20.1
Guanajuato,2019,1,20.54
Guerrero,2019,1,20.08
Hidalgo,2019,1,19.54
Jalisco,2019,1,20.78
Michoacan de Ocampo,2019,1,20.68
Morelos,2019,1,19.82
Mexico,2019,1,20.3
Nacional,2019,1,19.74
Nayarit,2019,1,20.79
Nuevo Leon,2019,1,20.23
Oaxaca,2019,1,20.1
Puebla,2019,1,19.59
Queretaro,2019,1,20.18
Quintana Roo,2019,1,20.08
San Luis Potosi,2019,1,19.77
Sinaloa,2019,1,20.21
Sonora,2019,1,19.34
Tabasco,2019,1,18.88
Tamaulipas,2019,1,17.02
Tlaxcala,2019,1,19.61
Veracruz de Ignacio de la Llave,2019,1,19.17
Yucatan,2019,1,19.93
Zacatecas,2019,1,20.23
Aguascalientes,2019,1,19.85
Baja California,2019,1,18.49
Baja California Sur,2019,1,20.39
Campeche,2019,1,19.75
Chiapas,2019,1,19.47
Chihuahua,2019,1,17.49
Ciudad de Mexico,2019,1,20.49
Coahuila de Zaragoza,2019,1,19.37
Colima,2019,1,19.77
Durango,2019,1,19.87
Guanajuato,2019,1,20.26
Guerrero,2019,1,19.88
Hidalgo,2019,1,19.37
Jalisco,2019,1,20.66
Michoacan de Ocampo,2019,1,20.29
Morelos,2019,1,19.71
Mexico,2019,1,20.21
Nacional,2019,1,19.52
Nayarit,2019,1,20.69
Nuevo Leon,2019,1,19.81
Oaxaca,2019,1,20.12
Puebla,2019,1,19.37
Queretaro,2019,1,20.06
Quintana Roo,2019,1,19.66
San Luis Potosi,2019,1,19.52
Sinaloa,2019,1,20.03
Sonora,2019,1,19.09
Tabasco,2019,1,18.73
Tamaulipas,2019,1,16.62
Tlaxcala,2019,1,19.39
Veracruz de Ignacio de la Llave,2019,1,19.03
Yucatan,2019,1,19.3
Zacatecas,2019,1,19.92
Aguascalientes,2019,1,19.75
Baja California,2019,1,18.43
Baja California Sur,2019,1,20.4
Campeche,2019,1,19.69
Chiapas,2019,1,19.27
Chihuahua,2019,1,17.2
Ciudad de Mexico,2019,1,20.52
Coahuila de Zaragoza,2019,1,19.17
Colima,2019,1,19.72
Durango,2019,1,19.76
Guanajuato,2019,1,20.12
Guerrero,2019,1,19.83
Hidalgo,2019,1,19.29
Jalisco,2019,1,20.66
Michoacan de Ocampo,2019,1,20.06
Morelos,2019,1,19.65
Mexico,2019,1,20.16
Nacional,2019,1,19.44
Nayarit,2019,1,20.59
Nuevo Leon,2019,1,19.92
Oaxaca,2019,1,20.11
Puebla,2019,1,19.26
Queretaro,2019,1,19.94
Quintana Roo,2019,1,19.57
San Luis Potosi,2019,1,19.45
Sinaloa,2019,1,20.0
Sonora,2019,1,19.1
Tabasco,2019,1,18.56
Tamaulipas,2019,1,16.29
Tlaxcala,2019,1,19.34
Veracruz de Ignacio de la Llave,2019,1,18.92
Yucatan,2019,1,19.16
Zacatecas,2019,1,19.82
Aguascalientes,2019,1,19.65
Baja California,2019,1,18.34
Baja California Sur,2019,1,20.43
Campeche,2019,1,19.66
Chiapas,2019,1,19.09
Chihuahua,2019,1,17.23
Ciudad de Mexico,2019,1,20.39
Coahuila de Zaragoza,2019,1,19.18
Colima,2019,1,19.51
Durango,2019,1,19.68
Guanajuato,2019,1,20.0
Guerrero,2019,1,19.64
Hidalgo,2019,1,19.12
Jalisco,2019,1,20.52
Michoacan de Ocampo,2019,1,19.85
Morelos,2019,1,19.51
Mexico,2019,1,19.98
Nacional,2019,1,19.33
Nayarit,2019,1,20.36
Nuevo Leon,2019,1,19.65
Oaxaca,2019,1,19.98
Puebla,2019,1,19.16
Queretaro,2019,1,19.75
Quintana Roo,2019,1,19.39
San Luis Potosi,2019,1,19.31
Sinaloa,2019,1,19.84
Sonora,2019,1,18.97
Tabasco,2019,1,18.39
Tamaulipas,2019,1,16.16
Tlaxcala,2019,1,19.11
Veracruz de Ignacio de la Llave,2019,1,18.81
Yucatan,2019,1,19.06
Zacatecas,2019,1,19.73
Aguascalientes,2019,1,19.71
Baja California,2019,1,18.37
Baja California Sur,2019,1,20.56
Campeche,2019,1,19.62
Chiapas,2019,1,19.19
Chihuahua,2019,1,17.22
Ciudad de Mexico,2019,1,20.47
Coahuila de Zaragoza,2019,1,19.3
Colima,2019,1,19.59
Durango,2019,1,19.78
Guanajuato,2019,1,20.11
Guerrero,2019,1,19.77
Hidalgo,2019,1,19.26
Jalisco,2019,1,20.53
Michoacan de Ocampo,2019,1,19.93
Morelos,2019,1,19.55
Mexico,2019,1,20.0
Nacional,2019,1,19.4
Nayarit,2019,1,20.27
Nuevo Leon,2019,1,19.77
Oaxaca,2019,1,20.1
Puebla,2019,1,19.25
Queretaro,2019,1,19.79
Quintana Roo,2019,1,19.63
San Luis Potosi,2019,1,19.31
Sinaloa,2019,1,19.95
Sonora,2019,1,18.96
Tabasco,2019,1,18.45
Tamaulipas,2019,1,16.27
Tlaxcala,2019,1,19.26
Veracruz de Ignacio de la Llave,2019,1,18.88
Yucatan,2019,1,19.34
Zacatecas,2019,1,19.77
Aguascalientes,2019,1,19.67
Baja California,2019,1,18.17
Baja California Sur,2019,1,20.59
Campeche,2019,1,19.62
Chiapas,2019,1,19.21
Chihuahua,2019,1,17.02
Ciudad de Mexico,2019,1,20.31
Coahuila de Zaragoza,2019,1,19.09
Colima,2019,1,19.54
Durango,2019,1,19.75
Guanajuato,2019,1,20.05
Guerrero,2019,1,19.7
Hidalgo,2019,1,19.04
Jalisco,2019,1,20.38
Michoacan de Ocampo,2019,1,19.89
Morelos,2019,1,19.44
Mexico,2019,1,19.84
Nacional,2019,1,19.28
Nayarit,2019,1,20.16
Nuevo Leon,2019,1,19.73
Oaxaca,2019,1,20.06
Puebla,2019,1,19.18
Queretaro,2019,1,19.7
Quintana Roo,2019,1,19.62
San Luis Potosi,2019,1,19.17
Sinaloa,2019,1,19.85
Sonora,2019,1,18.62
Tabasco,2019,1,18.35
Tamaulipas,2019,1,15.9
Tlaxcala,2019,1,19.23
Veracruz de Ignacio de la Llave,2019,1,18.84
Yucatan,2019,1,19.3
Zacatecas,2019,1,19.7
Aguascalientes,2019,1,19.74
Baja California,2019,1,18.2
Baja California Sur,2019,1,20.64
Campeche,2019,1,19.69
Chiapas,2019,1,19.27
Chihuahua,2019,1,17.26
Ciudad de Mexico,2019,1,20.32
Coahuila de Zaragoza,2019,1,19.32
Colima,2019,1,19.59
Durango,2019,1,19.91
Guanajuato,2019,1,20.13
Guerrero,2019,1,19.9
Hidalgo,2019,1,19.09
Jalisco,2019,1,20.37
Michoacan de Ocampo,2019,1,19.96
Morelos,2019,1,19.44
Mexico,2019,1,19.83
Nacional,2019,1,19.37
Nayarit,2019,1,20.25
Nuevo Leon,2019,1,19.86
Oaxaca,2019,1,20.14
Puebla,2019,1,19.28
Queretaro,2019,1,19.74
Quintana Roo,2019,1,19.78
San Luis Potosi,2019,1,19.36
Sinaloa,2019,1,19.86
Sonora,2019,1,18.83
Tabasco,2019,1,18.46
Tamaulipas,2019,1,16.27
Tlaxcala,2019,1,19.33
Veracruz de Ignacio de la Llave,2019,1,18.91
Yucatan,2019,1,19.46
Zacatecas,2019,1,19.8
Aguascalientes,2019,1,19.79
Baja California,2019,1,18.09
Baja California Sur,2019,1,20.64
Campeche,2019,1,19.54
Chiapas,2019,1,19.19
Chihuahua,2019,1,17.06
Ciudad de Mexico,2019,1,20.26
Coahuila de Zaragoza,2019,1,19.35
Colima,2019,1,19.56
Durango,2019,1,19.86
Guanajuato,2019,1,20.12
Guerrero,2019,1,19.81
Hidalgo,2019,1,18.96
Jalisco,2019,1,20.35
Michoacan de Ocampo,2019,1,19.87
Morelos,2019,1,19.34
Mexico,2019,1,19.75
Nacional,2019,1,19.33
Nayarit,2019,1,20.14
Nuevo Leon,2019,1,19.82
Oaxaca,2019,1,20.1
Puebla,2019,1,19.27
Queretaro,2019,1,19.69
Quintana Roo,2019,1,19.68
San Luis Potosi,2019,1,19.33
Sinaloa,2019,1,19.8
Sonora,2019,1,19.13
Tabasco,2019,1,18.39
Tamaulipas,2019,1,16.39
Tlaxcala,2019,1,19.32
Veracruz de Ignacio de la Llave,2019,1,18.9
Yucatan,2019,1,19.29
Zacatecas,2019,1,19.74
Aguascalientes,2019,1,19.85
Baja California,2019,1,18.0
Baja California Sur,2019,1,20.64
Campeche,2019,1,19.48
Chiapas,2019,1,19.19
Chihuahua,2019,1,16.98
Ciudad de Mexico,2019,1,20.29
Coahuila de Zaragoza,2019,1,19.51
Colima,2019,1,19.54
Durango,2019,1,19.9
Guanajuato,2019,1,20.16
Guerrero,2019,1,19.88
Hidalgo,2019,1,18.97
Jalisco,2019,1,20.34
Michoacan de Ocampo,2019,1,19.95
Morelos,2019,1,19.32
Mexico,2019,1,19.77
Nacional,2019,1,19.32
Nayarit,2019,1,20.16
Nuevo Leon,2019,1,19.81
Oaxaca,2019,1,20.08
Puebla,2019,1,19.28
Queretaro,2019,1,19.71
Quintana Roo,2019,1,19.67
San Luis Potosi,2019,1,19.37
Sinaloa,2019,1,19.79
Sonora,2019,1,18.8
Tabasco,2019,1,18.34
Tamaulipas,2019,1,16.33
Tlaxcala,2019,1,19.33
Veracruz de Ignacio de la Llave,2019,1,18.87
Yucatan,2019,1,19.32
Zacatecas,2019,1,19.73
Aguascalientes,2019,1,19.92
Baja California,2019,1,18.0
Baja California Sur,2019,1,20.68
Campeche,2019,1,19.62
Chiapas,2019,1,19.27
Chihuahua,2019,1,17.28
Ciudad de Mexico,2019,1,20.45
Coahuila de Zaragoza,2019,1,19.48
Colima,2019,1,19.64
Durango,2019,1,20.04
Guanajuato,2019,1,20.21
Guerrero,2019,1,20.03
Hidalgo,2019,1,19.09
Jalisco,2019,1,20.47
Michoacan de Ocampo,2019,1,20.06
Morelos,2019,1,19.47
Mexico,2019,1,19.93
Nacional,2019,1,19.44
Nayarit,2019,1,20.29
Nuevo Leon,2019,1,19.88
Oaxaca,2019,1,20.15
Puebla,2019,1,19.36
Queretaro,2019,1,19.79
Quintana Roo,2019,1,19.86
San Luis Potosi,2019,1,19.5
Sinaloa,2019,1,19.88
Sonora,2019,1,18.99
Tabasco,2019,1,18.5
Tamaulipas,2019,1,16.52
Tlaxcala,2019,1,19.4
Veracruz de Ignacio de la Llave,2019,1,19.0
Yucatan,2019,1,19.45
Zacatecas,2019,1,19.89
Aguascalientes,2020,1,19.97
Baja California,2020,1,18.3
Baja California Sur,2020,1,20.76
Campeche,2020,1,19.73
Chiapas,2020,1,19.31
Chihuahua,2020,1,17.38
Ciudad de Mexico,2020,1,20.6
Coahuila de Zaragoza,2020,1,19.53
Colima,2020,1,19.72
Durango,2020,1,20.2
Guanajuato,2020,1,20.28
Guerrero,2020,1,20.15
Hidalgo,2020,1,19.15
Jalisco,2020,1,20.58
Michoacan de Ocampo,2020,1,20.14
Morelos,2020,1,19.59
Mexico,2020,1,20.03
Nacional,2020,1,19.52
Nayarit,2020,1,20.25
Nuevo Leon,2020,1,19.98
Oaxaca,2020,1,20.14
Puebla,2020,1,19.43
Queretaro,2020,1,19.83
Quintana Roo,2020,1,19.97
San Luis Potosi,2020,1,19.61
Sinaloa,2020,1,19.97
Sonora,2020,1,18.8
Tabasco,2020,1,18.62
Tamaulipas,2020,1,16.7
Tlaxcala,2020,1,19.47
Veracruz de Ignacio de la Llave,2020,1,19.1
Yucatan,2020,1,19.63
Zacatecas,2020,1,19.93
Aguascalientes,2020,1,19.96
Baja California,2020,1,18.37
Baja California Sur,2020,1,20.7
Campeche,2020,1,19.59
Chiapas,2020,1,19.15
Chihuahua,2020,1,17.16
Ciudad de Mexico,2020,1,20.45
Coahuila de Zaragoza,2020,1,19.41
Colima,2020,1,19.67
Durango,2020,1,20.06
Guanajuato,2020,1,20.19
Guerrero,2020,1,20.01
Hidalgo,2020,1,19.0
Jalisco,2020,1,20.43
Michoacan de Ocampo,2020,1,20.02
Morelos,2020,1,19.54
Mexico,2020,1,19.89
Nacional,2020,1,19.41
Nayarit,2020,1,20.26
Nuevo Leon,2020,1,19.92
Oaxaca,2020,1,20.13
Puebla,2020,1,19.34
Queretaro,2020,1,19.74
Quintana Roo,2020,1,19.85
San Luis Potosi,2020,1,19.5
Sinaloa,2020,1,19.85
Sonora,2020,1,18.95
Tabasco,2020,1,18.55
Tamaulipas,2020,1,16.56
Tlaxcala,2020,1,19.32
Veracruz de Ignacio de la Llave,2020,1,19.01
Yucatan,2020,1,19.46
Zacatecas,2020,1,19.79
Aguascalientes,2020,1,18.39
Baja California,2020,1,17.18
Baja California Sur,2020,1,18.91
Campeche,2020,1,18.61
Chiapas,2020,1,17.8
Chihuahua,2020,1,15.23
Ciudad de Mexico,2020,1,18.85
Coahuila de Zaragoza,2020,1,17.67
Colima,2020,1,17.62
Durango,2020,1,18.57
Guanajuato,2020,1,18.38
Guerrero,2020,1,18.29
Hidalgo,2020,1,17.07
Jalisco,2020,1,18.87
Michoacan de Ocampo,2020,1,17.92
Morelos,2020,1,17.96
Mexico,2020,1,18.14
Nacional,2020,1,17.8
Nayarit,2020,1,19.2
Nuevo Leon,2020,1,18.3
Oaxaca,2020,1,18.53
Puebla,2020,1,17.64
Queretaro,2020,1,17.91
Quintana Roo,2020,1,18.38
San Luis Potosi,2020,1,17.52
Sinaloa,2020,1,17.88
Sonora,2020,1,17.85
Tabasco,2020,1,17.77
Tamaulipas,2020,1,15.25
Tlaxcala,2020,1,17.48
Veracruz de Ignacio de la Llave,2020,1,17.4
Yucatan,2020,1,17.95
Zacatecas,2020,1,18.62
Aguascalientes,2020,1,15.36
Baja California,2020,1,14.19
Baja California Sur,2020,1,15.92
Campeche,2020,1,16.02
Chiapas,2020,1,15.28
Chihuahua,2020,1,12.91
Ciudad de Mexico,2020,1,15.56
Coahuila de Zaragoza,2020,1,15.16
Colima,2020,1,15.02
Durango,2020,1,15.93
Guanajuato,2020,1,15.43
Guerrero,2020,1,15.74
Hidalgo,2020,1,14.31
Jalisco,2020,1,16.02
Michoacan de Ocampo,2020,1,15.39
Morelos,2020,1,14.86
Mexico,2020,1,14.95
Nacional,2020,1,15.1
Nayarit,2020,1,16.48
Nuevo Leon,2020,1,15.91
Oaxaca,2020,1,16.17
Puebla,2020,1,14.6
Queretaro,2020,1,14.79
Quintana Roo,2020,1,16.16
San Luis Potosi,2020,1,14.57
Sinaloa,2020,1,15.68
Sonora,2020,1,15.47
Tabasco,2020,1,15.08
Tamaulipas,2020,1,13.15
Tlaxcala,2020,1,14.51
Veracruz de Ignacio de la Llave,2020,1,14.75
Yucatan,2020,1,15.75
Zacatecas,2020,1,15.88
Aguascalientes,2020,1,16.57
Baja California,2020,1,15.53
Baja California Sur,2020,1,17.31
Campeche,2020,1,16.72
Chiapas,2020,1,16.18
Chihuahua,2020,1,14.26
Ciudad de Mexico,2020,1,16.87
Coahuila de Zaragoza,2020,1,15.89
Colima,2020,1,16.53
Durango,2020,1,16.85
Guanajuato,2020,1,16.49
Guerrero,2020,1,17.09
Hidalgo,2020,1,15.76
Jalisco,2020,1,17.06
Michoacan de Ocampo,2020,1,16.97
Morelos,2020,1,16.18
Mexico,2020,1,16.35
Nacional,2020,1,16.27
Nayarit,2020,1,17.34
Nuevo Leon,2020,1,16.61
Oaxaca,2020,1,17.11
Puebla,2020,1,15.86
Queretaro,2020,1,16.13
Quintana Roo,2020,1,16.91
San Luis Potosi,2020,1,16.28
Sinaloa,2020,1,17.39
Sonora,2020,1,16.88
Tabasco,2020,1,15.72
Tamaulipas,2020,1,13.86
Tlaxcala,2020,1,15.94
Veracruz de Ignacio de la Llave,2020,1,15.85
Yucatan,2020,1,16.87
Zacatecas,2020,1,16.57
Aguascalientes,2020,1,18.01
Baja California,2020,1,17.15
Baja California Sur,2020,1,18.95
Campeche,2020,1,18.24
Chiapas,2020,1,17.57
Chihuahua,2020,1,15.77
Ciudad de Mexico,2020,1,18.25
Coahuila de Zaragoza,2020,1,16.95
Colima,2020,1,17.92
Durango,2020,1,18.22
Guanajuato,2020,1,17.92
Guerrero,2020,1,18.49
Hidalgo,2020,1,17.28
Jalisco,2020,1,18.37
Michoacan de Ocampo,2020,1,18.4
Morelos,2020,1,17.65
Mexico,2020,1,17.76
Nacional,2020,1,17.65
Nayarit,2020,1,18.63
Nuevo Leon,2020,1,17.69
Oaxaca,2020,1,18.41
Puebla,2020,1,17.33
Queretaro,2020,1,17.63
Quintana Roo,2020,1,18.45
San Luis Potosi,2020,1,17.75
Sinaloa,2020,1,18.62
Sonora,2020,1,18.38
Tabasco,2020,1,17.03
Tamaulipas,2020,1,15.05
Tlaxcala,2020,1,17.42
Veracruz de Ignacio de la Llave,2020,1,17.22
Yucatan,2020,1,18.18
Zacatecas,2020,1,17.88
Aguascalientes,2020,1,19.2
Baja California,2020,1,17.94
Baja California Sur,2020,1,19.67
Campeche,2020,1,19.34
Chiapas,2020,1,18.64
Chihuahua,2020,1,16.56
Ciudad de Mexico,2020,1,19.26
Coahuila de Zaragoza,2020,1,17.91
Colima,2020,1,18.64
Durango,2020,1,19.08
Guanajuato,2020,1,19.0
Guerrero,2020,1,19.43
Hidalgo,2020,1,18.4
Jalisco,2020,1,19.39
Michoacan de Ocampo,2020,1,19.21
Morelos,2020,1,18.61
Mexico,2020,1,18.78
Nacional,2020,1,18.6
Nayarit,2020,1,19.38
Nuevo Leon,2020,1,18.8
Oaxaca,2020,1,19.33
Puebla,2020,1,18.34
Queretaro,2020,1,18.69
Quintana Roo,2020,1,19.3
San Luis Potosi,2020,1,18.52
Sinaloa,2020,1,19.4
Sonora,2020,1,19.14
Tabasco,2020,1,18.06
Tamaulipas,2020,1,15.93
Tlaxcala,2020,1,18.32
Veracruz de Ignacio de la Llave,2020,1,18.25
Yucatan,2020,1,18.94
Zacatecas,2020,1,18.92
Aguascalientes,2020,1,19.3
Baja California,2020,1,17.85
Baja California Sur,2020,1,19.51
Campeche,2020,1,19.43
Chiapas,2020,1,18.61
Chihuahua,2020,1,16.36
Ciudad de Mexico,2020,1,19.25
Coahuila de Zaragoza,2020,1,18.17
Colima,2020,1,18.74
Durango,2020,1,19.08
Guanajuato,2020,1,19.03
Guerrero,2020,1,19.52
Hidalgo,2020,1,18.34
Jalisco,2020,1,19.35
Michoacan de Ocampo,2020,1,19.12
Morelos,2020,1,18.58
Mexico,2020,1,18.74
Nacional,2020,1,18.6
Nayarit,2020,1,19.3
Nuevo Leon,2020,1,19.02
Oaxaca,2020,1,19.37
Puebla,2020,1,18.25
Queretaro,2020,1,18.63
Quintana Roo,2020,1,19.39
San Luis Potosi,2020,1,18.41
Sinaloa,2020,1,19.23
Sonora,2020,1,18.94
Tabasco,2020,1,18.08
Tamaulipas,2020,1,16.12
Tlaxcala,2020,1,18.24
Veracruz de Ignacio de la Llave,2020,1,18.3
Yucatan,2020,1,19.01
Zacatecas,2020,1,19.02
Aguascalientes,2020,1,19.08
Baja California,2020,1,17.71
Baja California Sur,2020,1,19.54
Campeche,2020,1,19.31
Chiapas,2020,1,18.76
Chihuahua,2020,1,16.58
Ciudad de Mexico,2020,1,19.07
Coahuila de Zaragoza,2020,1,18.17
Colima,2020,1,18.77
Durango,2020,1,19.12
Guanajuato,2020,1,18.87
Guerrero,2020,1,19.45
Hidalgo,2020,1,18.22
Jalisco,2020,1,19.21
Michoacan de Ocampo,2020,1,19.01
Morelos,2020,1,18.48
Mexico,2020,1,18.58
Nacional,2020,1,18.53
Nayarit,2020,1,19.24
Nuevo Leon,2020,1,19.07
Oaxaca,2020,1,19.34
Puebla,2020,1,18.11
Queretaro,2020,1,18.5
Quintana Roo,2020,1,19.53
San Luis Potosi,2020,1,18.41
Sinaloa,2020,1,19.22
Sonora,2020,1,18.85
Tabasco,2020,1,18.1
Tamaulipas,2020,1,16.21
Tlaxcala,2020,1,18.15
Veracruz de Ignacio de la Llave,2020,1,18.29
Yucatan,2020,1,19.13
Zacatecas,2020,1,19.02
Aguascalientes,2020,1,18.68
Baja California,2020,1,17.38
Baja California Sur,2020,1,19.39
Campeche,2020,1,19.22
Chiapas,2020,1,18.72
Chihuahua,2020,1,16.43
Ciudad de Mexico,2020,1,18.93
Coahuila de Zaragoza,2020,1,18.15
Colima,2020,1,18.47
Durango,2020,1,18.83
Guanajuato,2020,1,18.6
Guerrero,2020,1,19.36
Hidalgo,2020,1,17.99
Jalisco,2020,1,19.04
Michoacan de Ocampo,2020,1,18.87
Morelos,2020,1,18.28
Mexico,2020,1,18.37
Nacional,2020,1,18.39
Nayarit,2020,1,19.0
Nuevo Leon,2020,1,19.02
Oaxaca,2020,1,19.3
Puebla,2020,1,17.98
Queretaro,2020,1,18.25
Quintana Roo,2020,1,19.57
San Luis Potosi,2020,1,18.34
Sinaloa,2020,1,19.06
Sonora,2020,1,18.8
Tabasco,2020,1,17.88
Tamaulipas,2020,1,16.0
Tlaxcala,2020,1,18.07
Veracruz de Ignacio de la Llave,2020,1,18.1
Yucatan,2020,1,19.24
Zacatecas,2020,1,18.84
Aguascalientes,2020,1,17.94
Baja California,2020,1,16.39
Baja California Sur,2020,1,18.74
Campeche,2020,1,18.83
Chiapas,2020,1,18.29
Chihuahua,2020,1,15.77
Ciudad de Mexico,2020,1,18.15
Coahuila de Zaragoza,2020,1,17.5
Colima,2020,1,17.65
Durango,2020,1,18.21
Guanajuato,2020,1,17.92
Guerrero,2020,1,18.88
Hidalgo,2020,1,17.23
Jalisco,2020,1,18.29
Michoacan de Ocampo,2020,1,18.15
Morelos,2020,1,17.57
Mexico,2020,1,17.58
Nacional,2020,1,17.72
Nayarit,2020,1,18.31
Nuevo Leon,2020,1,18.53
Oaxaca,2020,1,18.86
Puebla,2020,1,17.31
Queretaro,2020,1,17.27
Quintana Roo,2020,1,19.01
San Luis Potosi,2020,1,17.66
Sinaloa,2020,1,18.25
Sonora,2020,1,17.98
Tabasco,2020,1,17.42
Tamaulipas,2020,1,15.72
Tlaxcala,2020,1,17.59
Veracruz de Ignacio de la Llave,2020,1,17.7
Yucatan,2020,1,18.59
Zacatecas,2020,1,18.46
Aguascalientes,2020,1,18.18
Baja California,2020,1,16.58
Baja California Sur,2020,1,18.65
Campeche,2020,1,18.89
Chiapas,2020,1,18.42
Chihuahua,2020,1,16.14
Ciudad de Mexico,2020,1,18.35
Coahuila de Zaragoza,2020,1,17.58
Colima,2020,1,17.77
Durango,2020,1,18.38
Guanajuato,2020,1,18.11
Guerrero,2020,1,19.1
Hidalgo,2020,1,17.58
Jalisco,2020,1,18.44
Michoacan de Ocampo,2020,1,18.46
Morelos,2020,1,17.82
Mexico,2020,1,17.83
Nacional,2020,1,17.92
Nayarit,2020,1,18.51
Nuevo Leon,2020,1,18.71
Oaxaca,2020,1,19.14
Puebla,2020,1,17.58
Queretaro,2020,1,17.57
Quintana Roo,2020,1,19.21
San Luis Potosi,2020,1,18.06
Sinaloa,2020,1,18.25
Sonora,2020,1,17.96
Tabasco,2020,1,17.5
Tamaulipas,2020,1,16.02
Tlaxcala,2020,1,17.73
Veracruz de Ignacio de la Llave,2020,1,17.87
Yucatan,2020,1,18.75
Zacatecas,2020,1,18.49
Aguascalientes,2021,1,19.27
Baja California,2021,1,17.84
Baja California Sur,2021,1,19.76
Campeche,2021,1,19.82
Chiapas,2021,1,19.07
Chihuahua,2021,1,17.36
Ciudad de Mexico,2021,1,19.54
Coahuila de Zaragoza,2021,1,18.31
Colima,2021,1,18.89
Durango,2021,1,19.42
Guanajuato,2021,1,19.18
Guerrero,2021,1,20.04
Hidalgo,2021,1,18.76
Jalisco,2021,1,19.42
Michoacan de Ocampo,2021,1,19.63
Morelos,2021,1,18.96
Mexico,2021,1,18.97
Nacional,2021,1,18.93
Nayarit,2021,1,19.52
Nuevo Leon,2021,1,19.51
Oaxaca,2021,1,20.08
Puebla,2021,1,18.69
Queretaro,2021,1,18.73
Quintana Roo,2021,1,20.08
San Luis Potosi,2021,1,19.14
Sinaloa,2021,1,19.18
Sonora,2021,1,18.91
Tabasco,2021,1,18.62
Tamaulipas,2021,1,16.74
Tlaxcala,2021,1,18.81
Veracruz de Ignacio de la Llave,2021,1,18.84
Yucatan,2021,1,19.6
Zacatecas,2021,1,19.29
Aguascalientes,2021,1,20.17
Baja California,2021,1,18.78
Baja California Sur,2021,1,20.6
Campeche,2021,1,20.69
Chiapas,2021,1,19.74
Chihuahua,2021,1,18.17
Ciudad de Mexico,2021,1,20.51
Coahuila de Zaragoza,2021,1,19.14
Colima,2021,1,19.72
Durango,2021,1,20.25
Guanajuato,2021,1,20.07
Guerrero,2021,1,20.76
Hidalgo,2021,1,19.66
Jalisco,2021,1,20.21
Michoacan de Ocampo,2021,1,20.4
Morelos,2021,1,19.81
Mexico,2021,1,19.92
Nacional,2021,1,19.75
Nayarit,2021,1,20.25
Nuevo Leon,2021,1,20.21
Oaxaca,2021,1,20.8
Puebla,2021,1,19.57
Queretaro,2021,1,19.63
Quintana Roo,2021,1,20.81
San Luis Potosi,2021,1,19.92
Sinaloa,2021,1,19.73
Sonora,2021,1,19.72
Tabasco,2021,1,19.46
Tamaulipas,2021,1,17.43
Tlaxcala,2021,1,19.61
Veracruz de Ignacio de la Llave,2021,1,19.65
Yucatan,2021,1,20.48
Zacatecas,2021,1,19.98
Aguascalientes,2021,1,20.46
Baja California,2021,1,19.08
Baja California Sur,2021,1,20.73
Campeche,2021,1,21.05
Chiapas,2021,1,20.04
Chihuahua,2021,1,18.37
Ciudad de Mexico,2021,1,20.93
Coahuila de Zaragoza,2021,1,19.84
Colima,2021,1,19.92
Durango,2021,1,20.65
Guanajuato,2021,1,20.37
Guerrero,2021,1,20.98
Hidalgo,2021,1,19.91
Jalisco,2021,1,20.69
Michoacan de Ocampo,2021,1,20.58
Morelos,2021,1,20.01
Mexico,2021,1,20.26
Nacional,2021,1,20.1
Nayarit,2021,1,20.53
Nuevo Leon,2021,1,20.83
Oaxaca,2021,1,21.01
Puebla,2021,1,19.86
Queretaro,2021,1,19.82
Quintana Roo,2021,1,21.01
San Luis Potosi,2021,1,20.13
Sinaloa,2021,1,20.38
Sonora,2021,1,20.08
Tabasco,2021,1,19.77
Tamaulipas,2021,1,17.85
Tlaxcala,2021,1,19.8
Veracruz de Ignacio de la Llave,2021,1,20.0
Yucatan,2021,1,20.65
Zacatecas,2021,1,20.38
Aguascalientes,2021,1,20.53
Baja California,2021,1,19.24
Baja California Sur,2021,1,20.64
Campeche,2021,1,21.08
Chiapas,2021,1,20.2
Chihuahua,2021,1,18.27
Ciudad de Mexico,2021,1,20.88
Coahuila de Zaragoza,2021,1,20.02
Colima,2021,1,20.01
Durango,2021,1,20.77
Guanajuato,2021,1,20.39
Guerrero,2021,1,21.16
Hidalgo,2021,1,19.83
Jalisco,2021,1,20.73
Michoacan de Ocampo,2021,1,20.64
Morelos,2021,1,19.97
Mexico,2021,1,20.21
Nacional,2021,1,20.19
Nayarit,2021,1,20.68
Nuevo Leon,2021,1,21.07
Oaxaca,2021,1,21.05
Puebla,2021,1,19.89
Queretaro,2021,1,19.84
Quintana Roo,2021,1,21.13
San Luis Potosi,2021,1,20.26
Sinaloa,2021,1,20.66
Sonora,2021,1,20.0
Tabasco,2021,1,19.87
Tamaulipas,2021,1,18.03
Tlaxcala,2021,1,19.78
Veracruz de Ignacio de la Llave,2021,1,20.14
Yucatan,2021,1,20.82
Zacatecas,2021,1,20.56
Aguascalientes,2021,1,20.46
Baja California,2021,1,19.38
Baja California Sur,2021,1,20.6
Campeche,2021,1,21.06
Chiapas,2021,1,20.29
Chihuahua,2021,1,18.39
Ciudad de Mexico,2021,1,20.93
Coahuila de Zaragoza,2021,1,20.11
Colima,2021,1,20.09
Durango,2021,1,20.75
Guanajuato,2021,1,20.41
Guerrero,2021,1,21.35
Hidalgo,2021,1,19.83
Jalisco,2021,1,20.78
Michoacan de Ocampo,2021,1,20.73
Morelos,2021,1,19.97
Mexico,2021,1,20.28
Nacional,2021,1,20.22
Nayarit,2021,1,20.79
Nuevo Leon,2021,1,21.2
Oaxaca,2021,1,21.09
Puebla,2021,1,19.91
Queretaro,2021,1,19.91
Quintana Roo,2021,1,21.18
San Luis Potosi,2021,1,20.37
Sinaloa,2021,1,20.73
Sonora,2021,1,20.08
Tabasco,2021,1,19.92
Tamaulipas,2021,1,17.95
Tlaxcala,2021,1,19.8
Veracruz de Ignacio de la Llave,2021,1,20.21
Yucatan,2021,1,20.53
Zacatecas,2021,1,20.67
Aguascalientes,2021,1,20.47
Baja California,2021,1,19.43
Baja California Sur,2021,1,20.63
Campeche,2021,1,21.13
Chiapas,2021,1,20.29
Chihuahua,2021,1,18.25
Ciudad de Mexico,2021,1,20.95
Coahuila de Zaragoza,2021,1,20.18
Colima,2021,1,20.14
Durango,2021,1,20.8
Guanajuato,2021,1,20.47
Guerrero,2021,1,21.47
Hidalgo,2021,1,19.86
Jalisco,2021,1,20.78
Michoacan de Ocampo,2021,1,20.84
Morelos,2021,1,20.03
Mexico,2021,1,20.32
Nacional,2021,1,20.27
Nayarit,2021,1,20.79
Nuevo Leon,2021,1,21.3
Oaxaca,2021,1,21.17
Puebla,2021,1,19.92
Queretaro,2021,1,19.92
Quintana Roo,2021,1,21.16
San Luis Potosi,2021,1,20.46
Sinaloa,2021,1,20.67
Sonora,2021,1,20.18
Tabasco,2021,1,19.95
Tamaulipas,2021,1,18.04
Tlaxcala,2021,1,19.88
Veracruz de Ignacio de la Llave,2021,1,20.19
Yucatan,2021,1,20.73
Zacatecas,2021,1,20.76
Aguascalientes,2021,1,20.55
Baja California,2021,1,19.39
Baja California Sur,2021,1,20.74
Campeche,2021,1,21.29
Chiapas,2021,1,20.41
Chihuahua,2021,1,18.14
Ciudad de Mexico,2021,1,20.83
Coahuila de Zaragoza,2021,1,20.21
Colima,2021,1,20.21
Durango,2021,1,20.76
Guanajuato,2021,1,20.42
Guerrero,2021,1,21.52
Hidalgo,2021,1,19.82
Jalisco,2021,1,20.7
Michoacan de Ocampo,2021,1,20.81
Morelos,2021,1,20.2
Mexico,2021,1,20.22
Nacional,2021,1,20.28
Nayarit,2021,1,20.86
Nuevo Leon,2021,1,21.38
Oaxaca,2021,1,21.31
Puebla,2021,1,20.02
Queretaro,2021,1,19.98
Quintana Roo,2021,1,21.18
San Luis Potosi,2021,1,20.49
Sinaloa,2021,1,20.47
Sonora,2021,1,20.0
Tabasco,2021,1,20.01
Tamaulipas,2021,1,18.3
Tlaxcala,2021,1,20.01
Veracruz de Ignacio de la Llave,2021,1,20.23
Yucatan,2021,1,20.93
Zacatecas,2021,1,20.86
Aguascalientes,2021,1,20.5
Baja California,2021,1,19.43
Baja California Sur,2021,1,20.79
Campeche,2021,1,21.4
Chiapas,2021,1,20.56
Chihuahua,2021,1,18.22
Ciudad de Mexico,2021,1,20.82
Coahuila de Zaragoza,2021,1,20.19
Colima,2021,1,20.29
Durango,2021,1,20.74
Guanajuato,2021,1,20.28
Guerrero,2021,1,21.6
Hidalgo,2021,1,19.88
Jalisco,2021,1,20.61
Michoacan de Ocampo,2021,1,20.8
Morelos,2021,1,20.26
Mexico,2021,1,20.22
Nacional,2021,1,20.3
Nayarit,2021,1,20.86
Nuevo Leon,2021,1,21.27
Oaxaca,2021,1,21.39
Puebla,2021,1,20.01
Queretaro,2021,1,19.9
Quintana Roo,2021,1,21.31
San Luis Potosi,2021,1,20.53
Sinaloa,2021,1,20.51
Sonora,2021,1,20.0
Tabasco,2021,1,20.0
Tamaulipas,2021,1,18.28
Tlaxcala,2021,1,19.91
Veracruz de Ignacio de la Llave,2021,1,20.27
Yucatan,2021,1,21.05
Zacatecas,2021,1,20.87
Aguascalientes,2021,1,20.25
Baja California,2021,1,19.42
Baja California Sur,2021,1,20.85
Campeche,2021,1,21.49
Chiapas,2021,1,20.54
Chihuahua,2021,1,18.21
Ciudad de Mexico,2021,1,20.71
Coahuila de Zaragoza,2021,1,20.12
Colima,2021,1,20.21
Durango,2021,1,20.57
Guanajuato,2021,1,20.16
Guerrero,2021,1,21.67
Hidalgo,2021,1,19.86
Jalisco,2021,1,20.54
Michoacan de Ocampo,2021,1,20.76
Morelos,2021,1,20.15
Mexico,2021,1,20.15
Nacional,2021,1,20.19
Nayarit,2021,1,20.78
Nuevo Leon,2021,1,21.06
Oaxaca,2021,1,21.35
Puebla,2021,1,19.86
Queretaro,2021,1,19.83
Quintana Roo,2021,1,21.28
San Luis Potosi,2021,1,20.54
Sinaloa,2021,1,20.56
Sonora,2021,1,19.65
Tabasco,2021,1,20.01
Tamaulipas,2021,1,18.22
Tlaxcala,2021,1,19.69
Veracruz de Ignacio de la Llave,2021,1,20.29
Yucatan,2021,1,20.93
Zacatecas,2021,1,20.76
Aguascalientes,2021,1,20.2
Baja California,2021,1,19.4
Baja California Sur,2021,1,20.85
Campeche,2021,1,21.62
Chiapas,2021,1,20.61
Chihuahua,2021,1,18.3
Ciudad de Mexico,2021,1,20.57
Coahuila de Zaragoza,2021,1,20.14
Colima,2021,1,20.13
Durango,2021,1,20.47
Guanajuato,2021,1,20.06
Guerrero,2021,1,21.7
Hidalgo,2021,1,19.78
Jalisco,2021,1,20.45
Michoacan de Ocampo,2021,1,20.8
Morelos,2021,1,20.08
Mexico,2021,1,20.01
Nacional,2021,1,20.13
Nayarit,2021,1,20.69
Nuevo Leon,2021,1,21.09
Oaxaca,2021,1,21.28
Puebla,2021,1,19.71
Queretaro,2021,1,19.64
Quintana Roo,2021,1,21.33
San Luis Potosi,2021,1,20.56
Sinaloa,2021,1,20.49
Sonora,2021,1,19.85
Tabasco,2021,1,19.89
Tamaulipas,2021,1,17.83
Tlaxcala,2021,1,19.6
Veracruz de Ignacio de la Llave,2021,1,20.26
Yucatan,2021,1,20.84
Zacatecas,2021,1,20.71
Aguascalientes,2021,1,20.09
Baja California,2021,1,19.31
Baja California Sur,2021,1,20.76
Campeche,2021,1,21.62
Chiapas,2021,1,20.55
Chihuahua,2021,1,18.15
Ciudad de Mexico,2021,1,20.65
Coahuila de Zaragoza,2021,1,19.96
Colima,2021,1,20.07
Durango,2021,1,20.37
Guanajuato,2021,1,19.99
Guerrero,2021,1,21.61
Hidalgo,2021,1,19.69
Jalisco,2021,1,20.44
Michoacan de Ocampo,2021,1,20.65
Morelos,2021,1,19.97
Mexico,2021,1,19.97
Nacional,2021,1,20.07
Nayarit,2021,1,20.57
Nuevo Leon,2021,1,21.08
Oaxaca,2021,1,21.15
Puebla,2021,1,19.63
Queretaro,2021,1,19.5
Quintana Roo,2021,1,21.22
San Luis Potosi,2021,1,20.54
Sinaloa,2021,1,20.52
Sonora,2021,1,19.99
Tabasco,2021,1,19.79
Tamaulipas,2021,1,17.88
Tlaxcala,2021,1,19.44
Veracruz de Ignacio de la Llave,2021,1,20.15
Yucatan,2021,1,20.77
Zacatecas,2021,1,20.6
Aguascalientes,2021,1,20.26
Baja California,2021,1,19.38
Baja California Sur,2021,1,20.84
Campeche,2021,1,21.69
Chiapas,2021,1,20.71
Chihuahua,2021,1,18.46
Ciudad de Mexico,2021,1,21.08
Coahuila de Zaragoza,2021,1,20.17
Colima,2021,1,20.35
Durango,2021,1,20.56
Guanajuato,2021,1,20.2
Guerrero,2021,1,21.79
Hidalgo,2021,1,19.94
Jalisco,2021,1,20.78
Michoacan de Ocampo,2021,1,20.93
Morelos,2021,1,20.19
Mexico,2021,1,20.3
Nacional,2021,1,20.28
Nayarit,2021,1,20.79
Nuevo Leon,2021,1,21.15
Oaxaca,2021,1,21.25
Puebla,2021,1,19.86
Queretaro,2021,1,19.8
Quintana Roo,2021,1,21.34
San Luis Potosi,2021,1,20.68
Sinaloa,2021,1,20.56
Sonora,2021,1,19.92
Tabasco,2021,1,19.93
Tamaulipas,2021,1,17.97
Tlaxcala,2021,1,19.69
Veracruz de Ignacio de la Llave,2021,1,20.33
Yucatan,2021,1,21.01
Zacatecas,2021,1,20.72
Aguascalientes,2022,1,20.62
Baja California,2022,1,19.68
Baja California Sur,2022,1,21.21
Campeche,2022,1,21.91
Chiapas,2022,1,20.91
Chihuahua,2022,1,18.92
Ciudad de Mexico,2022,1,21.4
Coahuila de Zaragoza,2022,1,20.45
Colima,2022,1,20.71
Durango,2022,1,20.85
Guanajuato,2022,1,20.59
Guerrero,2022,1,22.04
Hidalgo,2022,1,20.38
Jalisco,2022,1,21.17
Michoacan de Ocampo,2022,1,21.22
Morelos,2022,1,20.56
Mexico,2022,1,20.65
Nacional,2022,1,20.65
Nayarit,2022,1,21.3
Nuevo Leon,2022,1,21.57
Oaxaca,2022,1,21.64
Puebla,2022,1,20.3
Queretaro,2022,1,20.25
Quintana Roo,2022,1,21.71
San Luis Potosi,2022,1,21.07
Sinaloa,2022,1,20.98
Sonora,2022,1,20.27
Tabasco,2022,1,20.21
Tamaulipas,2022,1,18.24
Tlaxcala,2022,1,20.14
Veracruz de Ignacio de la Llave,2022,1,20.67
Yucatan,2022,1,21.39
Zacatecas,2022,1,21.01
Aguascalientes,2022,1,20.81
Baja California,2022,1,20.0
Baja California Sur,2022,1,21.4
Campeche,2022,1,22.23
Chiapas,2022,1,20.96
Chihuahua,2022,1,19.22
Ciudad de Mexico,2022,1,21.54
Coahuila de Zaragoza,2022,1,20.52
Colima,2022,1,20.91
Durango,2022,1,21.06
Guanajuato,2022,1,20.78
Guerrero,2022,1,22.19
Hidalgo,2022,1,20.53
Jalisco,2022,1,21.35
Michoacan de Ocampo,2022,1,21.45
Morelos,2022,1,20.76
Mexico,2022,1,20.81
Nacional,2022,1,20.85
Nayarit,2022,1,21.47
Nuevo Leon,2022,1,21.96
Oaxaca,2022,1,21.71
Puebla,2022,1,20.49
Queretaro,2022,1,20.45
Quintana Roo,2022,1,22.05
San Luis Potosi,2022,1,21.25
Sinaloa,2022,1,21.26
Sonora,2022,1,20.67
Tabasco,2022,1,20.36
Tamaulipas,2022,1,18.52
Tlaxcala,2022,1,20.36
Veracruz de Ignacio de la Llave,2022,1,20.84
Yucatan,2022,1,21.51
Zacatecas,2022,1,21.15
Aguascalientes,2022,1,21.25
Baja California,2022,1,20.48
Baja California Sur,2022,1,21.62
Campeche,2022,1,22.58
Chiapas,2022,1,21.22
Chihuahua,2022,1,19.75
Ciudad de Mexico,2022,1,22.1
Coahuila de Zaragoza,2022,1,21.22
Colima,2022,1,21.22
Durango,2022,1,21.52
Guanajuato,2022,1,21.23
Guerrero,2022,1,22.43
Hidalgo,2022,1,20.89
Jalisco,2022,1,21.92
Michoacan de Ocampo,2022,1,21.73
Morelos,2022,1,21.09
Mexico,2022,1,21.31
Nacional,2022,1,21.28
Nayarit,2022,1,21.79
Nuevo Leon,2022,1,22.39
Oaxaca,2022,1,22.03
Puebla,2022,1,20.91
Queretaro,2022,1,20.94
Quintana Roo,2022,1,22.38
San Luis Potosi,2022,1,21.59
Sinaloa,2022,1,21.85
Sonora,2022,1,21.04
Tabasco,2022,1,20.59
Tamaulipas,2022,1,18.97
Tlaxcala,2022,1,20.77
Veracruz de Ignacio de la Llave,2022,1,21.07
Yucatan,2022,1,21.82
Zacatecas,2022,1,21.56
Aguascalientes,2022,1,21.48
Baja California,2022,1,21.11
Baja California Sur,2022,1,21.7
Campeche,2022,1,22.6
Chiapas,2022,1,21.35
Chihuahua,2022,1,20.18
Ciudad de Mexico,2022,1,22.18
Coahuila de Zaragoza,2022,1,21.57
Colima,2022,1,21.38
Durango,2022,1,21.9
Guanajuato,2022,1,21.44
Guerrero,2022,1,22.41
Hidalgo,2022,1,21.05
Jalisco,2022,1,22.13
Michoacan de Ocampo,2022,1,21.81
Morelos,2022,1,21.18
Mexico,2022,1,21.47
Nacional,2022,1,21.47
Nayarit,2022,1,22.02
Nuevo Leon,2022,1,22.65
Oaxaca,2022,1,22.13
Puebla,2022,1,21.09
Queretaro,2022,1,21.18
Quintana Roo,2022,1,22.53
San Luis Potosi,2022,1,21.76
Sinaloa,2022,1,22.13
Sonora,2022,1,21.22
Tabasco,2022,1,20.74
Tamaulipas,2022,1,19.4
Tlaxcala,2022,1,20.98
Veracruz de Ignacio de la Llave,2022,1,21.25
Yucatan,2022,1,21.94
Zacatecas,2022,1,21.96
Aguascalientes,2022,1,21.8
Baja California,2022,1,21.28
Baja California Sur,2022,1,21.75
Campeche,2022,1,22.67
Chiapas,2022,1,21.48
Chihuahua,2022,1,20.31
Ciudad de Mexico,2022,1,22.4
Coahuila de Zaragoza,2022,1,21.95
Colima,2022,1,21.49
Durango,2022,1,22.13
Guanajuato,2022,1,21.67
Guerrero,2022,1,22.59
Hidalgo,2022,1,21.2
Jalisco,2022,1,22.34
Michoacan de Ocampo,2022,1,21.78
Morelos,2022,1,21.23
Mexico,2022,1,21.7
Nacional,2022,1,21.67
Nayarit,2022,1,22.05
Nuevo Leon,2022,1,22.85
Oaxaca,2022,1,22.21
Puebla,2022,1,21.2
Queretaro,2022,1,21.37
Quintana Roo,2022,1,22.69
San Luis Potosi,2022,1,21.93
Sinaloa,2022,1,21.89
Sonora,2022,1,21.22
Tabasco,2022,1,20.97
Tamaulipas,2022,1,19.6
Tlaxcala,2022,1,21.08
Veracruz de Ignacio de la Llave,2022,1,21.39
Yucatan,2022,1,22.07
Zacatecas,2022,1,22.15
Aguascalientes,2022,1,21.81
Baja California,2022,1,21.3
Baja California Sur,2022,1,21.82
Campeche,2022,1,22.73
Chiapas,2022,1,21.5
Chihuahua,2022,1,20.68
Ciudad de Mexico,2022,1,22.66
Coahuila de Zaragoza,2022,1,22.11
Colima,2022,1,21.54
Durango,2022,1,22.29
Guanajuato,2022,1,21.85
Guerrero,2022,1,22.71
Hidalgo,2022,1,21.23
Jalisco,2022,1,22.59
Michoacan de Ocampo,2022,1,21.97
Morelos,2022,1,21.28
Mexico,2022,1,21.91
Nacional,2022,1,21.86
Nayarit,2022,1,22.17
Nuevo Leon,2022,1,23.09
Oaxaca,2022,1,22.25
Puebla,2022,1,21.22
Queretaro,2022,1,21.44
Quintana Roo,2022,1,22.77
San Luis Potosi,2022,1,22.04
Sinaloa,2022,1,21.79
Sonora,2022,1,21.25
Tabasco,2022,1,21.16
Tamaulipas,2022,1,19.69
Tlaxcala,2022,1,21.15
Veracruz de Ignacio de la Llave,2022,1,21.41
Yucatan,2022,1,22.09
Zacatecas,2022,1,22.35
Aguascalientes,2022,1,21.7
Baja California,2022,1,21.12
Baja California Sur,2022,1,22.05
Campeche,2022,1,22.81
Chiapas,2022,1,21.66
Chihuahua,2022,1,20.45
Ciudad de Mexico,2022,1,22.67
Coahuila de Zaragoza,2022,1,22.05
Colima,2022,1,21.72
Durango,2022,1,22.35
Guanajuato,2022,1,21.94
Guerrero,2022,1,22.86
Hidalgo,2022,1,21.33
Jalisco,2022,1,22.54
Michoacan de Ocampo,2022,1,22.14
Morelos,2022,1,21.42
Mexico,2022,1,21.87
Nacional,2022,1,21.83
Nayarit,2022,1,22.38
Nuevo Leon,2022,1,22.86
Oaxaca,2022,1,22.39
Puebla,2022,1,21.4
Queretaro,2022,1,21.5
Quintana Roo,2022,1,22.92
San Luis Potosi,2022,1,22.09
Sinaloa,2022,1,22.31
Sonora,2022,1,21.45
Tabasco,2022,1,21.29
Tamaulipas,2022,1,19.17
Tlaxcala,2022,1,21.32
Veracruz de Ignacio de la Llave,2022,1,21.52
Yucatan,2022,1,22.19
Zacatecas,2022,1,22.44
Aguascalientes,2022,1,21.64
Baja California,2022,1,21.19
Baja California Sur,2022,1,22.42
Campeche,2022,1,22.93
Chiapas,2022,1,21.71
Chihuahua,2022,1,20.5
Ciudad de Mexico,2022,1,22.65
Coahuila de Zaragoza,2022,1,22.01
Colima,2022,1,21.91
Durango,2022,1,22.39
Guanajuato,2022,1,21.98
Guerrero,2022,1,22.87
Hidalgo,2022,1,21.38
Jalisco,2022,1,22.52
Michoacan de Ocampo,2022,1,22.21
Morelos,2022,1,21.47
Mexico,2022,1,21.88
Nacional,2022,1,21.9
Nayarit,2022,1,22.55
Nuevo Leon,2022,1,22.96
Oaxaca,2022,1,22.5
Puebla,2022,1,21.43
Queretaro,2022,1,21.49
Quintana Roo,2022,1,23.07
San Luis Potosi,2022,1,22.15
Sinaloa,2022,1,22.53
Sonora,2022,1,21.67
Tabasco,2022,1,21.37
Tamaulipas,2022,1,19.46
Tlaxcala,2022,1,21.34
Veracruz de Ignacio de la Llave,2022,1,21.63
Yucatan,2022,1,22.19
Zacatecas,2022,1,22.44
Aguascalientes,2022,1,21.4
Baja California,2022,1,21.08
Baja California Sur,2022,1,22.53
Campeche,2022,1,23.06
Chiapas,2022,1,21.86
Chihuahua,2022,1,19.81
Ciudad de Mexico,2022,1,22.31
Coahuila de Zaragoza,2022,1,21.55
Colima,2022,1,21.93
Durango,2022,1,22.21
Guanajuato,2022,1,21.91
Guerrero,2022,1,22.9
Hidalgo,2022,1,21.25
Jalisco,2022,1,22.17
Michoacan de Ocampo,2022,1,22.13
Morelos,2022,1,21.36
Mexico,2022,1,21.59
Nacional,2022,1,21.7
Nayarit,2022,1,22.38
Nuevo Leon,2022,1,22.74
Oaxaca,2022,1,22.5
Puebla,2022,1,21.26
Queretaro,2022,1,21.24
Quintana Roo,2022,1,22.95
San Luis Potosi,2022,1,22.05
Sinaloa,2022,1,22.54
Sonora,2022,1,21.62
Tabasco,2022,1,21.42
Tamaulipas,2022,1,18.99
Tlaxcala,2022,1,21.13
Veracruz de Ignacio de la Llave,2022,1,21.48
Yucatan,2022,1,22.12
Zacatecas,2022,1,22.12
Aguascalientes,2022,1,21.57
Baja California,2022,1,21.2
Baja California Sur,2022,1,22.75
Campeche,2022,1,23.23
Chiapas,2022,1,21.93
Chihuahua,2022,1,20.09
Ciudad de Mexico,2022,1,22.49
Coahuila de Zaragoza,2022,1,21.74
Colima,2022,1,22.07
Durango,2022,1,22.34
Guanajuato,2022,1,22.03
Guerrero,2022,1,23.12
Hidalgo,2022,1,21.51
Jalisco,2022,1,22.41
Michoacan de Ocampo,2022,1,22.32
Morelos,2022,1,21.58
Mexico,2022,1,21.81
Nacional,2022,1,21.9
Nayarit,2022,1,22.41
Nuevo Leon,2022,1,22.98
Oaxaca,2022,1,22.67
Puebla,2022,1,21.54
Queretaro,2022,1,21.43
Quintana Roo,2022,1,23.18
San Luis Potosi,2022,1,22.27
Sinaloa,2022,1,22.61
Sonora,2022,1,21.66
Tabasco,2022,1,21.72
Tamaulipas,2022,1,19.51
Tlaxcala,2022,1,21.41
Veracruz de Ignacio de la Llave,2022,1,21.7
Yucatan,2022,1,22.46
Zacatecas,2022,1,22.2
Aguascalientes,2022,1,21.52
Baja California,2022,1,21.07
Baja California Sur,2022,1,22.65
Campeche,2022,1,23.33
Chiapas,2022,1,21.91
Chihuahua,2022,1,19.69
Ciudad de Mexico,2022,1,22.33
Coahuila de Zaragoza,2022,1,21.64
Colima,2022,1,22.0
Durango,2022,1,22.09
Guanajuato,2022,1,22.0
Guerrero,2022,1,23.01
Hidalgo,2022,1,21.22
Jalisco,2022,1,22.36
Michoacan de Ocampo,2022,1,22.14
Morelos,2022,1,21.4
Mexico,2022,1,21.75
Nacional,2022,1,21.79
Nayarit,2022,1,22.24
Nuevo Leon,2022,1,23.11
Oaxaca,2022,1,22.62
Puebla,2022,1,21.36
Queretaro,2022,1,21.15
Quintana Roo,2022,1,23.15
San Luis Potosi,2022,1,22.01
Sinaloa,2022,1,22.32
Sonora,2022,1,21.72
Tabasco,2022,1,21.65
Tamaulipas,2022,1,19.46
Tlaxcala,2022,1,21.27
Veracruz de Ignacio de la Llave,2022,1,21.64
Yucatan,2022,1,22.28
Zacatecas,2022,1,22.02
Aguascalientes,2022,1,21.22
Baja California,2022,1,20.69
Baja California Sur,2022,1,22.57
Campeche,2022,1,23.26
Chiapas,2022,1,21.81
Chihuahua,2022,1,19.69
Ciudad de Mexico,2022,1,22.14
Coahuila de Zaragoza,2022,1,21.1
Colima,2022,1,21.81
Durango,2022,1,21.65
Guanajuato,2022,1,21.69
Guerrero,2022,1,22.92
Hidalgo,2022,1,20.96
Jalisco,2022,1,22.08
Michoacan de Ocampo,2022,1,22.03
Morelos,2022,1,21.19
Mexico,2022,1,21.51
Nacional,2022,1,21.5
Nayarit,2022,1,22.06
Nuevo Leon,2022,1,22.73
Oaxaca,2022,1,22.5
Puebla,2022,1,21.06
Queretaro,2022,1,20.87
Quintana Roo,2022,1,22.92
San Luis Potosi,2022,1,21.97
Sinaloa,2022,1,22.08
Sonora,2022,1,21.27
Tabasco,2022,1,21.67
Tamaulipas,2022,1,18.74
Tlaxcala,2022,1,21.09
Veracruz de Ignacio de la Llave,2022,1,21.41
Yucatan,2022,1,21.92
Zacatecas,2022,1,21.85
Aguascalientes,2023,1,21.51
Baja California,2023,1,20.98
Baja California Sur,2023,1,22.87
Campeche,2023,1,23.16
Chiapas,2023,1,21.9
Chihuahua,2023,1,19.87
Ciudad de Mexico,2023,1,22.3
Coahuila de Zaragoza,2023,1,21.1
Colima,2023,1,22.08
Durango,2023,1,22.01
Guanajuato,2023,1,22.0
Guerrero,2023,1,23.18
Hidalgo,2023,1,21.37
Jalisco,2023,1,22.32
Michoacan de Ocampo,2023,1,22.41
Morelos,2023,1,21.49
Mexico,2023,1,21.72
Nacional,2023,1,21.76
Nayarit,2023,1,22.5
Nuevo Leon,2023,1,22.93
Oaxaca,2023,1,22.78
Puebla,2023,1,21.4
Queretaro,2023,1,21.18
Quintana Roo,2023,1,23.17
San Luis Potosi,2023,1,22.2
Sinaloa,2023,1,22.39
Sonora,2023,1,21.59
Tabasco,2023,1,21.74
Tamaulipas,2023,1,18.98
Tlaxcala,2023,1,21.41
Veracruz de Ignacio de la Llave,2023,1,21.61
Yucatan,2023,1,22.31
Zacatecas,2023,1,22.05
Aguascalientes,2023,1,21.59
Baja California,2023,1,21.06
Baja California Sur,2023,1,22.97
Campeche,2023,1,23.01
Chiapas,2023,1,21.85
Chihuahua,2023,1,19.76
Ciudad de Mexico,2023,1,22.36
Coahuila de Zaragoza,2023,1,21.11
Colima,2023,1,22.17
Durango,2023,1,22.07
Guanajuato,2023,1,22.04
Guerrero,2023,1,23.3
Hidalgo,2023,1,21.37
Jalisco,2023,1,22.39
Michoacan de Ocampo,2023,1,22.46
Morelos,2023,1,21.54
Mexico,2023,1,21.74
Nacional,2023,1,21.79
Nayarit,2023,1,22.65
Nuevo Leon,2023,1,23.17
Oaxaca,2023,1,22.89
Puebla,2023,1,21.41
Queretaro,2023,1,21.06
Quintana Roo,2023,1,23.33
San Luis Potosi,2023,1,22.19
Sinaloa,2023,1,22.14
Sonora,2023,1,21.64
Tabasco,2023,1,21.61
Tamaulipas,2023,1,18.82
Tlaxcala,2023,1,21.4
Veracruz de Ignacio de la Llave,2023,1,21.57
Yucatan,2023,1,22.48
Zacatecas,2023,1,22.1
Aguascalientes,2023,1,21.63
Baja California,2023,1,21.16
Baja California Sur,2023,1,23.05
Campeche,2023,1,22.99
Chiapas,2023,1,21.82
Chihuahua,2023,1,19.75
Ciudad de Mexico,2023,1,22.55
Coahuila de Zaragoza,2023,1,21.39
Colima,2023,1,22.25
Durango,2023,1,22.29
Guanajuato,2023,1,22.04
Guerrero,2023,1,23.39
Hidalgo,2023,1,21.43
Jalisco,2023,1,22.51
Michoacan de Ocampo,2023,1,22.48
Morelos,2023,1,21.63
Mexico,2023,1,21.89
Nacional,2023,1,21.88
Nayarit,2023,1,22.61
Nuevo Leon,2023,1,23.33
Oaxaca,2023,1,22.82
Puebla,2023,1,21.46
Queretaro,2023,1,21.14
Quintana Roo,2023,1,23.39
San Luis Potosi,2023,1,22.22
Sinaloa,2023,1,22.34
Sonora,2023,1,21.27
Tabasco,2023,1,21.62
Tamaulipas,2023,1,19.1
Tlaxcala,2023,1,21.46
Veracruz de Ignacio de la Llave,2023,1,21.61
Yucatan,2023,1,22.53
Zacatecas,2023,1,22.16
Aguascalientes,2023,1,21.77
Baja California,2023,1,21.28
Baja California Sur,2023,1,22.99
Campeche,2023,1,23.0
Chiapas,2023,1,21.94
Chihuahua,2023,1,19.93
Ciudad de Mexico,2023,1,22.74
Coahuila de Zaragoza,2023,1,21.65
Colima,2023,1,22.24
Durango,2023,1,22.45
Guanajuato,2023,1,22.11
Guerrero,2023,1,23.36
Hidalgo,2023,1,21.54
Jalisco,2023,1,22.63
Michoacan de Ocampo,2023,1,22.5
Morelos,2023,1,21.8
Mexico,2023,1,22.11
Nacional,2023,1,21.96
Nayarit,2023,1,22.97
Nuevo Leon,2023,1,23.6
Oaxaca,2023,1,22.9
Puebla,2023,1,21.56
Queretaro,2023,1,21.2
Quintana Roo,2023,1,23.51
San Luis Potosi,2023,1,22.15
Sinaloa,2023,1,22.42
Sonora,2023,1,21.32
Tabasco,2023,1,21.72
Tamaulipas,2023,1,19.22
Tlaxcala,2023,1,21.62
Veracruz de Ignacio de la Llave,2023,1,21.71
Yucatan,2023,1,22.45
Zacatecas,2023,1,22.2
Aguascalientes,2023,1,21.76
Baja California,2023,1,21.16
Baja California Sur,2023,1,23.07
Campeche,2023,1,22.97
Chiapas,2023,1,21.97
Chihuahua,2023,1,20.57
Ciudad de Mexico,2023,1,22.55
Coahuila de Zaragoza,2023,1,21.21
Colima,2023,1,22.14
Durango,2023,1,22.45
Guanajuato,2023,1,21.92
Guerrero,2023,1,23.45
Hidalgo,2023,1,21.51
Jalisco,2023,1,22.39
Michoacan de Ocampo,2023,1,22.53
Morelos,2023,1,21.81
Mexico,2023,1,21.93
Nacional,2023,1,21.94
Nayarit,2023,1,22.42
Nuevo Leon,2023,1,23.46
Oaxaca,2023,1,22.94
Puebla,2023,1,21.55
Queretaro,2023,1,21.25
Quintana Roo,2023,1,23.49
San Luis Potosi,2023,1,22.3
Sinaloa,2023,1,22.43
Sonora,2023,1,21.81
Tabasco,2023,1,21.65
Tamaulipas,2023,1,19.56
Tlaxcala,2023,1,21.62
Veracruz de Ignacio de la Llave,2023,1,21.68
Yucatan,2023,1,22.25
Zacatecas,2023,1,22.1
Aguascalientes,2023,1,21.97
Baja California,2023,1,21.26
Baja California Sur,2023,1,23.29
Campeche,2023,1,22.96
Chiapas,2023,1,22.01
Chihuahua,2023,1,20.68
Ciudad de Mexico,2023,1,22.55
Coahuila de Zaragoza,2023,1,21.17
Colima,2023,1,22.26
Durango,2023,1,22.4
Guanajuato,2023,1,21.88
Guerrero,2023,1,23.39
Hidalgo,2023,1,21.55
Jalisco,2023,1,22.45
Michoacan de Ocampo,2023,1,22.58
Morelos,2023,1,21.91
Mexico,2023,1,21.94
Nacional,2023,1,21.99
Nayarit,2023,1,22.32
Nuevo Leon,2023,1,23.19
Oaxaca,2023,1,22.93
Puebla,2023,1,21.61
Queretaro,2023,1,21.33
Quintana Roo,2023,1,23.57
San Luis Potosi,2023,1,22.37
Sinaloa,2023,1,22.28
Sonora,2023,1,22.05
Tabasco,2023,1,21.7
Tamaulipas,2023,1,19.67
Tlaxcala,2023,1,21.66
Veracruz de Ignacio de la Llave,2023,1,21.83
Yucatan,2023,1,22.38
Zacatecas,2023,1,22.21
Aguascalientes,2023,1,22.05
Baja California,2023,1,21.38
Baja California Sur,2023,1,23.42
Campeche,2023,1,22.98
Chiapas,2023,1,22.02
Chihuahua,2023,1,20.72
Ciudad de Mexico,2023,1,22.56
Coahuila de Zaragoza,2023,1,21.53
Colima,2023,1,22.42
Durango,2023,1,22.56
Guanajuato,2023,1,21.99
Guerrero,2023,1,23.36
Hidalgo,2023,1,21.7
Jalisco,2023,1,22.65
Michoacan de Ocampo,2023,1,22.75
Morelos,2023,1,21.98
Mexico,2023,1,22.0
Nacional,2023,1,22.09
Nayarit,2023,1,22.84
Nuevo Leon,2023,1,23.33
Oaxaca,2023,1,22.99
Puebla,2023,1,21.74
Queretaro,2023,1,21.52
Quintana Roo,2023,1,23.61
San Luis Potosi,2023,1,22.36
Sinaloa,2023,1,22.51
Sonora,2023,1,22.19
Tabasco,2023,1,21.81
Tamaulipas,2023,1,19.31
Tlaxcala,2023,1,21.76
Veracruz de Ignacio de la Llave,2023,1,21.96
Yucatan,2023,1,22.55
Zacatecas,2023,1,22.37
Aguascalientes,2023,1,22.24
Baja California,2023,1,21.43
Baja California Sur,2023,1,23.42
Campeche,2023,1,23.14
Chiapas,2023,1,22.15
Chihuahua,2023,1,21.32
Ciudad de Mexico,2023,1,22.6
Coahuila de Zaragoza,2023,1,22.13
Colima,2023,1,22.54
Durango,2023,1,22.92
Guanajuato,2023,1,22.23
Guerrero,2023,1,23.6
Hidalgo,2023,1,21.84
Jalisco,2023,1,22.89
Michoacan de Ocampo,2023,1,22.83
Morelos,2023,1,22.14
Mexico,2023,1,22.11
Nacional,2023,1,22.31
Nayarit,2023,1,23.01
Nuevo Leon,2023,1,23.47
Oaxaca,2023,1,23.14
Puebla,2023,1,21.99
Queretaro,2023,1,21.8
Quintana Roo,2023,1,23.71
San Luis Potosi,2023,1,22.41
Sinaloa,2023,1,23.02
Sonora,2023,1,22.66
Tabasco,2023,1,21.94
Tamaulipas,2023,1,19.72
Tlaxcala,2023,1,21.97
Veracruz de Ignacio de la Llave,2023,1,22.09
Yucatan,2023,1,22.79
Zacatecas,2023,1,22.56
Aguascalientes,2023,1,22.32
Baja California,2023,1,21.42
Baja California Sur,2023,1,23.38
Campeche,2023,1,23.31
Chiapas,2023,1,22.24
Chihuahua,2023,1,21.67
Ciudad de Mexico,2023,1,22.84
Coahuila de Zaragoza,2023,1,22.12
Colima,2023,1,22.57
Durango,2023,1,23.01
Guanajuato,2023,1,22.21
Guerrero,2023,1,23.52
Hidalgo,2023,1,21.81
Jalisco,2023,1,23.02
Michoacan de Ocampo,2023,1,22.78
Morelos,2023,1,22.1
Mexico,2023,1,22.3
Nacional,2023,1,22.35
Nayarit,2023,1,22.99
Nuevo Leon,2023,1,23.44
Oaxaca,2023,1,23.22
Puebla,2023,1,21.92
Queretaro,2023,1,21.68
Quintana Roo,2023,1,23.76
San Luis Potosi,2023,1,22.48
Sinaloa,2023,1,23.09
Sonora,2023,1,22.61
Tabasco,2023,1,21.82
Tamaulipas,2023,1,19.9
Tlaxcala,2023,1,21.89
Veracruz de Ignacio de la Llave,2023,1,22.15
Yucatan,2023,1,22.71
Zacatecas,2023,1,22.53
Aguascalientes,2023,1,22.4
Baja California,2023,1,21.5
Baja California Sur,2023,1,23.47
Campeche,2023,1,23.3
Chiapas,2023,1,22.35
Chihuahua,2023,1,20.97
Ciudad de Mexico,2023,1,22.84
Coahuila de Zaragoza,2023,1,21.8
Colima,2023,1,22.54
Durango,2023,1,23.05
Guanajuato,2023,1,22.23
Guerrero,2023,1,23.57
Hidalgo,2023,1,21.76
Jalisco,2023,1,22.97
Michoacan de Ocampo,2023,1,22.82
Morelos,2023,1,22.07
Mexico,2023,1,22.23
Nacional,2023,1,22.29
Nayarit,2023,1,23.1
Nuevo Leon,2023,1,23.36
Oaxaca,2023,1,23.26
Puebla,2023,1,21.87
Queretaro,2023,1,21.67
Quintana Roo,2023,1,23.78
San Luis Potosi,2023,1,22.46
Sinaloa,2023,1,22.86
Sonora,2023,1,22.6
Tabasco,2023,1,21.9
Tamaulipas,2023,1,20.03
Tlaxcala,2023,1,21.79
Veracruz de Ignacio de la Llave,2023,1,21.98
Yucatan,2023,1,22.64
Zacatecas,2023,1,22.54
Aguascalientes,2023,1,22.44
Baja California,2023,1,21.37
Baja California Sur,2023,1,23.51
Campeche,2023,1,23.33
Chiapas,2023,1,22.38
Chihuahua,2023,1,20.84
Ciudad de Mexico,2023,1,22.71
Coahuila de Zaragoza,2023,1,21.95
Colima,2023,1,22.62
Durango,2023,1,22.89
Guanajuato,2023,1,22.23
Guerrero,2023,1,23.6
Hidalgo,2023,1,21.78
Jalisco,2023,1,22.84
Michoacan de Ocampo,2023,1,22.83
Morelos,2023,1,22.11
Mexico,2023,1,22.09
Nacional,2023,1,22.23
Nayarit,2023,1,23.1
Nuevo Leon,2023,1,23.04
Oaxaca,2023,1,23.35
Puebla,2023,1,21.91
Queretaro,2023,1,21.73
Quintana Roo,2023,1,23.69
San Luis Potosi,2023,1,22.45
Sinaloa,2023,1,22.61
Sonora,2023,1,22.41
Tabasco,2023,1,21.87
Tamaulipas,2023,1,20.03
Tlaxcala,2023,1,21.75
Veracruz de Ignacio de la Llave,2023,1,21.98
Yucatan,2023,1,22.57
Zacatecas,2023,1,22.69
Aguascalientes,2023,1,22.43
Baja California,2023,1,21.35
Baja California Sur,2023,1,23.32
Campeche,2023,1,23.15
Chiapas,2023,1,22.2
Chihuahua,2023,1,20.0
Ciudad de Mexico,2023,1,22.61
Coahuila de Zaragoza,2023,1,22.1
Colima,2023,1,22.47
Durango,2023,1,22.61
Guanajuato,2023,1,22.33
Guerrero,2023,1,23.54
Hidalgo,2023,1,21.73
Jalisco,2023,1,22.69
Michoacan de Ocampo,2023,1,22.74
Morelos,2023,1,22.02
Mexico,2023,1,21.93
Nacional,2023,1,22.09
Nayarit,2023,1,22.53
Nuevo Leon,2023,1,23.23
Oaxaca,2023,1,23.37
Puebla,2023,1,21.77
Queretaro,2023,1,21.7
Quintana Roo,2023,1,23.61
San Luis Potosi,2023,1,22.43
Sinaloa,2023,1,22.37
Sonora,2023,1,21.75
Tabasco,2023,1,21.81
Tamaulipas,2023,1,19.45
Tlaxcala,2023,1,21.71
Veracruz de Ignacio de la Llave,2023,1,21.92
Yucatan,2023,1,22.29
Zacatecas,2023,1,22.55
Aguascalientes,2024,1,22.58
Baja California,2024,1,21.6
Baja California Sur,2024,1,23.51
Campeche,2024,1,23.17
Chiapas,2024,1,22.39
Chihuahua,2024,1,20.24
Ciudad de Mexico,2024,1,22.65
Coahuila de Zaragoza,2024,1,22.09
Colima,2024,1,22.71
Durango,2024,1,22.66
Guanajuato,2024,1,22.55
Guerrero,2024,1,23.82
Hidalgo,2024,1,22.11
Jalisco,2024,1,23.0
Michoacan de Ocampo,2024,1,23.05
Morelos,2024,1,22.33
Mexico,2024,1,22.08
Nacional,2024,1,22.32
Nayarit,2024,1,23.24
Nuevo Leon,2024,1,23.23
Oaxaca,2024,1,23.42
Puebla,2024,1,22.05
Queretaro,2024,1,21.98
Quintana Roo,2024,1,23.78
San Luis Potosi,2024,1,22.65
Sinaloa,2024,1,22.98
Sonora,2024,1,21.95
Tabasco,2024,1,21.98
Tamaulipas,2024,1,19.82
Tlaxcala,2024,1,22.0
Veracruz de Ignacio de la Llave,2024,1,22.14
Yucatan,2024,1,23.0
Zacatecas,2024,1,22.71
Aguascalientes,2024,1,23.11
Baja California,2024,1,22.36
Baja California Sur,2024,1,24.08
Campeche,2024,1,23.44
Chiapas,2024,1,22.98
Chihuahua,2024,1,20.99
Ciudad de Mexico,2024,1,23.12
Coahuila de Zaragoza,2024,1,22.66
Colima,2024,1,23.41
Durango,2024,1,23.23
Guanajuato,2024,1,23.06
Guerrero,2024,1,24.32
Hidalgo,2024,1,22.97
Jalisco,2024,1,23.76
Michoacan de Ocampo,2024,1,23.94
Morelos,2024,1,23.21
Mexico,2024,1,22.78
Nacional,2024,1,23.01
Nayarit,2024,1,23.87
Nuevo Leon,2024,1,23.99
Oaxaca,2024,1,23.86
Puebla,2024,1,22.82
Queretaro,2024,1,22.61
Quintana Roo,2024,1,24.51
San Luis Potosi,2024,1,23.29
Sinaloa,2024,1,23.49
Sonora,2024,1,23.08
Tabasco,2024,1,22.63
Tamaulipas,2024,1,20.66
Tlaxcala,2024,1,22.7
Veracruz de Ignacio de la Llave,2024,1,22.86
Yucatan,2024,1,23.64
Zacatecas,2024,1,23.13
Aguascalientes,2024,1,23.3
Baja California,2024,1,22.74
Baja California Sur,2024,1,24.51
Campeche,2024,1,23.68
Chiapas,2024,1,23.2
Chihuahua,2024,1,21.15
Ciudad de Mexico,2024,1,23.22
Coahuila de Zaragoza,2024,1,22.68
Colima,2024,1,23.75
Durango,2024,1,23.19
Guanajuato,2024,1,23.21
Guerrero,2024,1,24.34
Hidalgo,2024,1,23.06
Jalisco,2024,1,23.95
Michoacan de Ocampo,2024,1,24.05
Morelos,2024,1,23.34
Mexico,2024,1,22.92
Nacional,2024,1,23.19
Nayarit,2024,1,24.41
Nuevo Leon,2024,1,24.08
Oaxaca,2024,1,24.1
Puebla,2024,1,22.94
Queretaro,2024,1,22.75
Quintana Roo,2024,1,24.6
San Luis Potosi,2024,1,23.5
Sinaloa,2024,1,23.74
Sonora,2024,1,23.32
Tabasco,2024,1,22.72
Tamaulipas,2024,1,20.79
Tlaxcala,2024,1,22.74
Veracruz de Ignacio de la Llave,2024,1,23.1
Yucatan,2024,1,23.55
Zacatecas,2024,1,23.27
Aguascalientes,2024,1,23.39
Baja California,2024,1,22.9
Baja California Sur,2024,1,24.79
Campeche,2024,1,24.01
Chiapas,2024,1,23.24
Chihuahua,2024,1,21.51
Ciudad de Mexico,2024,1,23.52
Coahuila de Zaragoza,2024,1,22.91
Colima,2024,1,24.04
Durango,2024,1,23.47
Guanajuato,2024,1,23.38
Guerrero,2024,1,24.57
Hidalgo,2024,1,23.19
Jalisco,2024,1,24.16
Michoacan de Ocampo,2024,1,24.15
Morelos,2024,1,23.4
Mexico,2024,1,23.14
Nacional,2024,1,23.43
Nayarit,2024,1,24.62
Nuevo Leon,2024,1,24.36
Oaxaca,2024,1,24.27
Puebla,2024,1,23.05
Queretaro,2024,1,22.89
Quintana Roo,2024,1,25.01
San Luis Potosi,2024,1,23.68
Sinaloa,2024,1,24.19
Sonora,2024,1,23.45
Tabasco,2024,1,22.84
Tamaulipas,2024,1,21.08
Tlaxcala,2024,1,22.83
Veracruz de Ignacio de la Llave,2024,1,23.19
Yucatan,2024,1,24.17
Zacatecas,2024,1,23.49
Aguascalientes,2024,1,23.53
Baja California,2024,1,23.01
Baja California Sur,2024,1,24.86
Campeche,2024,1,24.15
Chiapas,2024,1,23.33
Chihuahua,2024,1,21.07
Ciudad de Mexico,2024,1,23.84
Coahuila de Zaragoza,2024,1,23.22
Colima,2024,1,24.12
Durango,2024,1,23.64
Guanajuato,2024,1,23.47
Guerrero,2024,1,24.57
Hidalgo,2024,1,23.25
Jalisco,2024,1,24.23
Michoacan de Ocampo,2024,1,24.16
Morelos,2024,1,23.48
Mexico,2024,1,23.39
Nacional,2024,1,23.49
Nayarit,2024,1,24.5
Nuevo Leon,2024,1,24.54
Oaxaca,2024,1,24.33
Puebla,2024,1,23.13
Queretaro,2024,1,22.98
Quintana Roo,2024,1,25.12
San Luis Potosi,2024,1,23.75
Sinaloa,2024,1,24.36
Sonora,2024,1,23.27
Tabasco,2024,1,22.93
Tamaulipas,2024,1,21.16
Tlaxcala,2024,1,22.95
Veracruz de Ignacio de la Llave,2024,1,23.25
Yucatan,2024,1,24.09
Zacatecas,2024,1,23.67
Aguascalientes,2024,1,23.63
Baja California,2024,1,23.19
Baja California Sur,2024,1,25.01
Campeche,2024,1,24.13
Chiapas,2024,1,23.82
Chihuahua,2024,1,21.17
Ciudad de Mexico,2024,1,23.89
Coahuila de Zaragoza,2024,1,23.28
Colima,2024,1,24.15
Durango,2024,1,23.71
Guanajuato,2024,1,23.59
Guerrero,2024,1,24.68
Hidalgo,2024,1,23.41
Jalisco,2024,1,24.43
Michoacan de Ocampo,2024,1,24.33
Morelos,2024,1,23.56
Mexico,2024,1,23.44
Nacional,2024,1,23.56
Nayarit,2024,1,24.61
Nuevo Leon,2024,1,24.73
Oaxaca,2024,1,24.42
Puebla,2024,1,23.22
Queretaro,2024,1,23.2
Quintana Roo,2024,1,25.02
San Luis Potosi,2024,1,23.86
Sinaloa,2024,1,24.38
Sonora,2024,1,23.43
Tabasco,2024,1,23.07
Tamaulipas,2024,1,21.07
Tlaxcala,2024,1,23.1
Veracruz de Ignacio de la Llave,2024,1,23.25
Yucatan,2024,1,23.62
Zacatecas,2024,1,23.85
Aguascalientes,2024,1,23.98
Baja California,2024,1,23.38
Baja California Sur,2024,1,25.22
Campeche,2024,1,24.34
Chiapas,2024,1,23.96
Chihuahua,2024,1,21.72
Ciudad de Mexico,2024,1,24.1
Coahuila de Zaragoza,2024,1,23.69
Colima,2024,1,24.42
Durango,2024,1,24.17
Guanajuato,2024,1,24.03
Guerrero,2024,1,24.89
Hidalgo,2024,1,23.64
Jalisco,2024,1,24.77
Michoacan de Ocampo,2024,1,24.59
Morelos,2024,1,23.84
Mexico,2024,1,23.7
Nacional,2024,1,23.91
Nayarit,2024,1,25.03
Nuevo Leon,2024,1,24.98
Oaxaca,2024,1,24.6
Puebla,2024,1,23.6
Queretaro,2024,1,23.58
Quintana Roo,2024,1,25.1
San Luis Potosi,2024,1,24.09
Sinaloa,2024,1,24.71
Sonora,2024,1,24.11
Tabasco,2024,1,23.33
Tamaulipas,2024,1,21.27
Tlaxcala,2024,1,23.44
Veracruz de Ignacio de la Llave,2024,1,23.67
Yucatan,2024,1,23.94
Zacatecas,2024,1,24.19
Aguascalientes,2024,1,24.28
Baja California,2024,1,23.53
Baja California Sur,2024,1,25.49
Campeche,2024,1,24.5
Chiapas,2024,1,23.99
Chihuahua,2024,1,21.81
Ciudad de Mexico,2024,1,24.19
Coahuila de Zaragoza,2024,1,23.91
Colima,2024,1,24.61
Durango,2024,1,24.41
Guanajuato,2024,1,24.32
Guerrero,2024,1,25.0
Hidalgo,2024,1,23.83
Jalisco,2024,1,24.8
Michoacan de Ocampo,2024,1,24.79
Morelos,2024,1,23.98
Mexico,2024,1,23.85
Nacional,2024,1,24.05
Nayarit,2024,1,25.03
Nuevo Leon,2024,1,25.16
Oaxaca,2024,1,24.8
Puebla,2024,1,23.8
Queretaro,2024,1,23.79
Quintana Roo,2024,1,25.31
San Luis Potosi,2024,1,24.25
Sinaloa,2024,1,24.84
Sonora,2024,1,24.07
Tabasco,2024,1,23.44
Tamaulipas,2024,1,21.52
Tlaxcala,2024,1,23.64
Veracruz de Ignacio de la Llave,2024,1,23.81
Yucatan,2024,1,23.86
Zacatecas,2024,1,24.39
Aguascalientes,2024,1,24.36
Baja California,2024,1,23.53
Baja California Sur,2024,1,25.64
Campeche,2024,1,24.59
Chiapas,2024,1,23.9
Chihuahua,2024,1,21.45
Ciudad de Mexico,2024,1,23.95
Coahuila de Zaragoza,2024,1,23.75
Colima,2024,1,24.55
Durango,2024,1,24.38
Guanajuato,2024,1,24.27
Guerrero,2024,1,24.76
Hidalgo,2024,1,23.64
Jalisco,2024,1,24.65
Michoacan de Ocampo,2024,1,24.64
Morelos,2024,1,23.82
Mexico,2024,1,23.65
Nacional,2024,1,23.92
Nayarit,2024,1,24.67
Nuevo Leon,2024,1,24.88
Oaxaca,2024,1,24.78
Puebla,2024,1,23.61
Queretaro,2024,1,23.57
Quintana Roo,2024,1,25.24
San Luis Potosi,2024,1,24.26
Sinaloa,2024,1,24.96
Sonora,2024,1,23.89
Tabasco,2024,1,23.44
Tamaulipas,2024,1,21.1
Tlaxcala,2024,1,23.52
Veracruz de Ignacio de la Llave,2024,1,23.8
Yucatan,2024,1,24.4
Zacatecas,2024,1,24.49
Aguascalientes,2024,1,24.38
Baja California,2024,1,23.45
Baja California Sur,2024,1,25.47
Campeche,2024,1,24.56
Chiapas,2024,1,23.99
Chihuahua,2024,1,21.45
Ciudad de Mexico,2024,1,23.97
Coahuila de Zaragoza,2024,1,23.64
Colima,2024,1,24.5
Durango,2024,1,24.47
Guanajuato,2024,1,24.26
Guerrero,2024,1,24.93
Hidalgo,2024,1,23.73
Jalisco,2024,1,24.49
Michoacan de Ocampo,2024,1,24.73
Morelos,2024,1,23.89
Mexico,2024,1,23.61
Nacional,2024,1,23.85
Nayarit,2024,1,24.83
Nuevo Leon,2024,1,24.59
Oaxaca,2024,1,24.79
Puebla,2024,1,23.62
Queretaro,2024,1,23.6
Quintana Roo,2024,1,25.15
San Luis Potosi,2024,1,24.34
Sinaloa,2024,1,24.4
Sonora,2024,1,23.32
Tabasco,2024,1,23.34
Tamaulipas,2024,1,21.1
Tlaxcala,2024,1,23.54
Veracruz de Ignacio de la Llave,2024,1,23.69
Yucatan,2024,1,24.38
Zacatecas,2024,1,24.61
Aguascalientes,2024,1,24.37
Baja California,2024,1,23.51
Baja California Sur,2024,1,25.45
Campeche,2024,1,24.47
Chiapas,2024,1,24.05
Chihuahua,2024,1,21.44
Ciudad de Mexico,2024,1,23.9
Coahuila de Zaragoza,2024,1,23.79
Colima,2024,1,24.57
Durango,2024,1,24.89
Guanajuato,2024,1,24.39
Guerrero,2024,1,24.97
Hidalgo,2024,1,23.79
Jalisco,2024,1,24.25
Michoacan de Ocampo,2024,1,24.82
Morelos,2024,1,23.95
Mexico,2024,1,23.56
Nacional,2024,1,23.9
Nayarit,2024,1,25.11
Nuevo Leon,2024,1,24.53
Oaxaca,2024,1,24.85
Puebla,2024,1,23.74
Queretaro,2024,1,23.72
Quintana Roo,2024,1,25.13
San Luis Potosi,2024,1,24.42
Sinaloa,2024,1,24.56
Sonora,2024,1,23.48
Tabasco,2024,1,23.36
Tamaulipas,2024,1,21.45
Tlaxcala,2024,1,23.6
Veracruz de Ignacio de la Llave,2024,1,23.64
Yucatan,2024,1,24.23
Zacatecas,2024,1,24.69
Aguascalientes,2024,1,24.39
Baja California,2024,1,23.61
Baja California Sur,2024,1,25.4
Campeche,2024,1,24.56
Chiapas,2024,1,24.1
Chihuahua,2024,1,21.98
Ciudad de Mexico,2024,1,24.0
Coahuila de Zaragoza,2024,1,24.03
Colima,2024,1,24.52
Durango,2024,1,25.06
Guanajuato,2024,1,24.42
Guerrero,2024,1,24.94
Hidalgo,2024,1,23.78
Jalisco,2024,1,24.17
Michoacan de Ocampo,2024,1,24.86
Morelos,2024,1,23.99
Mexico,2024,1,23.64
Nacional,2024,1,23.98
Nayarit,2024,1,25.17
Nuevo Leon,2024,1,24.59
Oaxaca,2024,1,24.95
Puebla,2024,1,23.69
Queretaro,2024,1,23.62
Quintana Roo,2024,1,25.08
San Luis Potosi,2024,1,24.38
Sinaloa,2024,1,24.94
Sonora,2024,1,23.88
Tabasco,2024,1,23.42
Tamaulipas,2024,1,21.45
Tlaxcala,2024,1,23.57
Veracruz de Ignacio de la Llave,2024,1,23.65
Yucatan,2024,1,23.79
Zacatecas,2024,1,24.79
Aguascalientes,2025,1,24.68
Baja California,2025,1,23.87
Baja California Sur,2025,1,25.42
Campeche,2025,1,24.68
Chiapas,2025,1,24.28
Chihuahua,2025,1,22.33
Ciudad de Mexico,2025,1,24.38
Coahuila de Zaragoza,2025,1,24.44
Colima,2025,1,24.79
Durango,2025,1,25.34
Guanajuato,2025,1,24.7
Guerrero,2025,1,25.22
Hidalgo,2025,1,24.17
Jalisco,2025,1,24.69
Michoacan de Ocampo,2025,1,25.12
Morelos,2025,1,24.32
Mexico,2025,1,24.11
Nacional,2025,1,24.28
Nayarit,2025,1,25.55
Nuevo Leon,2025,1,24.74
Oaxaca,2025,1,25.13
Puebla,2025,1,24.01
Queretaro,2025,1,23.98
Quintana Roo,2025,1,25.56
San Luis Potosi,2025,1,24.72
Sinaloa,2025,1,25.06
Sonora,2025,1,23.91
Tabasco,2025,1,23.72
Tamaulipas,2025,1,21.98
Tlaxcala,2025,1,23.88
Veracruz de Ignacio de la Llave,2025,1,24.1
Yucatan,2025,1,24.65
Zacatecas,2025,1,25.05
Aguascalientes,2025,1,24.7
Baja California,2025,1,23.73
Baja California Sur,2025,1,25.3
Campeche,2025,1,24.64
Chiapas,2025,1,24.11
Chihuahua,2025,1,22.41
Ciudad de Mexico,2025,1,24.26
Coahuila de Zaragoza,2025,1,24.22
Colima,2025,1,24.65
Durango,2025,1,25.0
Guanajuato,2025,1,24.69
Guerrero,2025,1,25.16
Hidalgo,2025,1,24.03
Jalisco,2025,1,24.54
Michoacan de Ocampo,2025,1,25.02
Morelos,2025,1,24.23
Mexico,2025,1,24.01
Nacional,2025,1,24.21
Nayarit,2025,1,25.36
Nuevo Leon,2025,1,24.66
Oaxaca,2025,1,25.07
Puebla,2025,1,23.87
Queretaro,2025,1,23.92
Quintana Roo,2025,1,25.57
San Luis Potosi,2025,1,24.61
Sinaloa,2025,1,24.76
Sonora,2025,1,24.15
Tabasco,2025,1,23.75
Tamaulipas,2025,1,21.97
Tlaxcala,2025,1,23.68
Veracruz de Ignacio de la Llave,2025,1,24.05
Yucatan,2025,1,24.44
Zacatecas,2025,1,25.05
Aguascalientes,2025,1,24.07
Baja California,2025,1,23.35
Baja California Sur,2025,1,24.45
Campeche,2025,1,24.05
Chiapas,2025,1,23.93
Chihuahua,2025,1,22.39
Ciudad de Mexico,2025,1,23.86
Coahuila de Zaragoza,2025,1,23.67
Colima,2025,1,23.98
Durango,2025,1,24.02
Guanajuato,2025,1,24.05
Guerrero,2025,1,24.07
Hidalgo,2025,1,23.76
Jalisco,2025,1,24.04
Michoacan de Ocampo,2025,1,24.07
Morelos,2025,1,23.85
Mexico,2025,1,23.76
Nacional,2025,1,23.78
Nayarit,2025,1,24.21
Nuevo Leon,2025,1,24.17
Oaxaca,2025,1,24.17
Puebla,2025,1,23.7
Queretaro,2025,1,23.66
Quintana Roo,2025,1,24.85
San Luis Potosi,2025,1,24.08
Sinaloa,2025,1,23.94
Sonora,2025,1,23.44
Tabasco,2025,1,23.8
Tamaulipas,2025,1,21.98
Tlaxcala,2025,1,23.55
Veracruz de Ignacio de la Llave,2025,1,23.8
Yucatan,2025,1,24.05
Zacatecas,2025,1,24.18
Aguascalientes,2025,1,23.93
Baja California,2025,1,23.22
Baja California Sur,2025,1,24.29
Campeche,2025,1,23.98
Chiapas,2025,1,23.76
Chihuahua,2025,1,22.42
Ciudad de Mexico,2025,1,23.83
Coahuila de Zaragoza,2025,1,23.61
Colima,2025,1,23.9
Durango,2025,1,23.95
Guanajuato,2025,1,23.86
Guerrero,2025,1,23.92
Hidalgo,2025,1,23.68
Jalisco,2025,1,23.93
Michoacan de Ocampo,2025,1,23.93
Morelos,2025,1,23.83
Mexico,2025,1,23.71
Nacional,2025,1,23.72
Nayarit,2025,1,24.02
Nuevo Leon,2025,1,23.91
Oaxaca,2025,1,24.06
Puebla,2025,1,23.65
Queretaro,2025,1,23.61
Quintana Roo,2025,1,24.57
San Luis Potosi,2025,1,23.98
Sinaloa,2025,1,23.87
Sonora,2025,1,23.18
Tabasco,2025,1,23.8
Tamaulipas,2025,1,21.83
Tlaxcala,2025,1,23.52
Veracruz de Ignacio de la Llave,2025,1,23.79
Yucatan,2025,1,23.98
Zacatecas,2025,1,24.02
